Age,BusinessTravel,DailyRate,Department,DistanceFromHome,Education,EducationField,EnvironmentSatisfaction,Gender,HourlyRate,JobInvolvement,JobLevel,JobRole,JobSatisfaction,MaritalStatus,MonthlyIncome,MonthlyRate,NumCompaniesWorked,OverTime,PercentSalaryHike,PerformanceRating,RelationshipSatisfaction,StockOptionLevel,TotalWorkingYears,TrainingTimesLastYear,WorkLifeBalance,YearsAtCompany,YearsInCurrentRole,YearsSinceLastPromotion,YearsWithCurrManager
36,0,559,1,12,4,0,3,0,76,3,2,3,3,1,4663,12421,10,True,12,3,2,2,7,2,3,3,2,1,1
53,0,1395,1,24,4,2,2,1,48,4,3,4,4,1,7005,3458,4,False,15,3,3,0,11,2,3,4,3,1,2
26,1,887,1,5,2,2,3,0,88,2,1,1,3,1,2366,20898,2,True,14,3,1,1,8,2,3,8,7,1,7
37,0,783,1,7,4,2,4,1,78,3,2,1,1,1,4284,13588,6,True,22,4,3,1,16,2,3,5,3,0,4
50,1,562,0,8,2,4,2,1,50,3,2,0,3,1,6796,23452,4,True,14,3,1,1,18,4,3,4,3,1,3
36,0,132,1,6,3,0,2,0,55,4,1,2,4,1,3038,22002,4,False,12,3,2,0,5,3,3,1,0,0,0
35,0,992,1,1,3,2,4,1,68,2,1,2,1,0,2450,21731,2,False,19,3,2,0,3,3,3,3,0,1,2
41,1,143,0,4,3,3,1,1,56,3,2,0,2,0,9355,9558,2,False,18,3,3,0,8,5,3,8,7,7,7
30,0,1092,1,10,3,2,1,0,64,3,3,3,3,0,9667,2739,10,False,14,3,2,0,9,3,3,7,7,0,2
33,1,430,0,7,3,2,4,1,54,3,2,0,1,1,4373,17456,1,False,14,3,1,2,5,2,3,4,3,0,3
44,0,625,1,4,3,2,4,1,50,3,2,4,2,0,5933,5197,10,False,12,3,4,0,10,2,2,5,2,2,3
45,0,193,1,6,4,1,4,1,52,3,3,7,1,1,13245,15067,5,True,14,3,2,0,17,3,4,0,0,0,0
57,0,210,0,29,3,3,1,1,56,2,4,5,4,2,14118,22102,4,False,12,3,3,1,32,3,2,1,0,0,0
33,2,1313,1,1,2,2,2,1,59,2,1,2,3,2,2008,20439,2,False,12,3,3,3,1,2,2,1,1,0,0
37,0,977,1,1,3,0,4,0,56,2,2,3,4,1,6474,9961,2,False,13,3,2,1,14,2,2,14,8,3,11
35,1,1199,1,18,4,0,3,1,80,3,2,4,3,1,5689,24594,2,True,14,3,4,2,10,2,4,10,2,0,2
29,0,896,1,18,1,2,3,1,86,2,1,1,4,0,2389,14961,2,True,13,3,3,0,4,3,2,4,3,0,1
30,1,721,1,1,2,2,3,0,58,3,2,2,4,0,4011,10781,2,False,23,4,4,0,12,2,3,12,8,3,7
50,0,869,0,3,2,3,1,1,86,2,1,6,3,1,2683,3810,2,True,14,3,3,0,3,2,3,3,2,0,2
37,0,1239,2,8,2,1,3,1,89,3,2,8,2,2,4071,12832,3,False,13,3,3,0,19,4,2,10,0,4,7
39,0,170,1,3,2,2,3,1,76,2,2,2,3,2,3069,10302,1,False,15,3,4,1,11,3,3,10,8,0,7
54,0,548,1,8,4,0,3,0,42,3,2,2,3,0,3780,23428,8,False,11,3,3,0,19,3,3,1,0,0,0
38,1,1490,1,2,2,0,4,1,42,3,1,2,4,1,1702,12106,2,True,23,4,3,1,1,3,3,1,0,0,0
31,2,976,1,3,2,2,3,1,48,3,1,1,1,2,3065,3995,2,True,13,3,4,1,4,3,4,4,2,2,3
33,0,461,1,13,1,0,2,0,53,3,1,1,4,0,3452,17241,4,False,18,3,1,0,5,4,3,3,2,0,2
50,1,1234,1,20,5,2,2,1,41,3,4,4,3,1,11245,20689,3,True,15,3,3,1,32,3,3,30,8,12,13
53,0,1168,0,24,4,0,1,1,66,3,3,0,1,0,10448,5843,7,True,13,3,2,0,15,2,2,2,2,2,2
34,0,1303,1,2,4,0,4,1,62,2,1,1,3,2,2768,8416,4,False,12,3,3,1,14,3,3,7,3,5,7
28,0,1157,1,2,4,2,1,1,84,1,1,1,4,1,3464,24737,6,True,13,3,4,0,5,4,2,3,2,2,2
37,0,370,1,10,4,2,4,1,58,3,2,3,1,0,4213,4992,2,False,15,3,2,0,10,4,1,10,3,0,8
47,1,217,0,3,3,2,4,0,49,3,4,0,3,2,13770,10225,10,True,12,3,4,2,28,2,2,22,2,11,13
32,0,120,1,6,5,0,3,1,43,3,1,1,3,0,3038,12430,4,False,20,4,1,0,8,2,3,5,4,1,4
32,0,964,0,1,2,0,1,1,34,1,2,0,2,0,6735,12147,7,False,15,3,2,0,10,2,3,0,0,0,0
37,0,1462,1,11,3,2,1,0,94,3,1,2,3,0,3629,19106,5,False,18,3,1,0,8,6,3,3,2,0,2
58,0,1272,1,5,3,4,3,0,37,2,3,4,2,2,10552,9255,3,True,13,3,4,1,24,3,3,6,0,0,4
24,0,984,1,17,2,0,4,0,97,3,1,2,2,1,2210,3372,2,False,13,3,1,1,1,3,1,1,0,0,0
30,1,109,1,5,3,2,2,0,60,3,1,2,2,0,2422,25725,1,False,17,3,1,0,4,3,3,3,2,1,2
24,0,693,0,3,2,0,1,0,65,3,2,0,3,0,4577,24785,10,False,14,3,1,0,4,3,3,2,2,2,0
31,0,1365,0,13,4,2,2,1,46,3,2,0,1,2,4233,11512,3,False,17,3,3,0,9,2,1,3,1,1,2
53,0,238,0,1,1,2,4,0,34,3,2,0,1,0,8381,7507,8,False,20,4,4,0,18,2,4,14,7,8,10
40,0,989,1,4,1,2,4,0,46,3,5,5,3,1,19033,6499,2,False,14,3,2,1,21,2,3,20,8,9,9
27,0,199,1,6,3,0,4,1,55,2,1,1,3,1,2539,7950,2,False,13,3,3,1,4,0,3,4,2,2,2
32,0,234,0,1,4,2,2,1,68,2,1,6,2,1,2269,18024,1,False,14,3,2,1,3,2,3,2,2,2,2
41,0,802,0,9,1,0,3,1,96,3,3,0,3,2,8189,21196,4,True,13,3,3,1,12,2,3,9,7,0,7
46,0,168,0,4,2,3,4,0,33,2,5,5,2,1,18789,9946,3,False,14,3,3,1,26,2,3,11,4,0,8
38,0,1333,1,1,3,4,4,0,80,3,3,7,1,1,13582,16292,2,False,13,3,2,1,15,3,3,15,12,5,11
30,0,1329,0,29,4,0,3,1,61,3,2,0,1,2,4115,13192,9,False,19,3,3,3,8,3,3,4,3,0,3
32,0,601,0,7,5,3,4,1,97,3,2,0,4,1,9204,23343,5,False,12,3,3,1,7,3,2,4,3,0,3
25,0,949,1,1,3,4,1,1,81,3,1,2,4,1,3229,4910,5,False,11,3,2,1,7,2,2,3,2,0,2
38,0,833,1,18,3,2,2,1,60,1,2,4,4,1,5811,24539,4,True,16,3,3,1,15,2,3,1,0,1,0
28,0,1158,1,9,3,2,4,1,94,3,1,1,4,1,2070,2613,2,False,23,4,4,1,5,3,2,5,2,0,4
38,1,471,1,12,3,0,1,1,45,2,2,4,1,2,6288,4284,3,False,15,3,3,1,13,3,2,4,3,1,2
51,0,1405,1,11,2,4,4,0,82,2,4,3,2,0,13142,24439,4,False,16,3,2,0,29,1,2,5,2,0,3
32,0,548,1,1,3,0,2,1,66,3,2,1,2,1,6220,7346,2,False,17,3,2,2,10,3,3,10,4,0,9
36,0,1174,0,3,4,3,1,0,99,3,2,0,2,0,9278,20763,4,True,16,3,4,0,15,3,3,5,4,0,1
42,1,748,1,9,2,2,1,0,74,3,1,2,4,0,3673,16458,2,False,13,3,3,0,12,3,3,12,9,5,8
28,1,193,1,2,3,0,4,1,52,2,1,2,4,1,3867,14222,2,True,12,3,2,1,2,2,3,2,2,2,2
35,0,287,1,1,4,0,3,0,62,1,1,1,4,1,2977,8952,2,False,12,3,4,1,4,5,3,4,3,1,1
27,0,1134,1,16,4,4,3,0,37,3,1,2,2,1,2811,12086,10,False,14,3,2,1,4,2,3,2,2,2,2
34,0,790,0,24,4,2,1,0,40,2,2,0,2,0,4599,7815,1,True,23,4,3,0,16,2,4,15,9,10,10
20,0,959,1,1,3,0,4,0,83,2,1,1,2,0,2836,11757,2,False,13,3,4,0,1,0,4,1,0,0,0
29,0,341,0,1,3,2,2,0,48,2,1,6,3,2,2800,23522,7,True,19,3,3,3,5,3,3,3,2,0,2
41,2,509,1,2,4,1,1,0,62,2,2,4,3,0,6811,2112,3,True,17,3,1,0,10,3,3,8,7,0,7
35,0,195,0,1,3,2,1,0,80,3,2,0,3,0,4859,6698,2,False,16,3,4,0,5,3,3,5,4,0,3
34,0,204,0,14,3,4,3,0,31,3,1,6,3,2,2579,2912,2,True,18,3,4,2,8,3,3,8,2,0,6
30,1,1312,1,23,3,0,1,1,96,1,1,1,3,2,2613,22310,2,False,25,4,3,3,10,2,2,10,7,0,9
49,0,809,1,1,3,0,3,1,36,3,4,5,3,0,15379,22384,5,False,14,3,1,0,23,2,3,8,7,0,0
30,0,231,0,8,2,1,3,1,62,3,3,0,3,2,7264,9977,6,False,11,3,1,1,10,2,4,8,4,7,7
40,1,530,1,1,4,0,3,1,78,2,4,4,2,1,13503,14115,2,False,22,4,4,1,22,3,2,22,3,11,11
36,0,325,1,10,4,4,4,0,63,3,3,4,3,1,7094,5747,4,False,12,3,1,0,10,0,3,7,7,1,7
33,0,587,1,10,1,2,1,1,38,1,1,2,4,2,3408,6705,8,False,13,3,1,3,8,2,3,4,3,1,3
55,0,836,1,8,3,2,4,0,33,3,4,5,3,2,14756,19730,3,True,14,3,3,3,21,2,3,5,0,0,2
51,1,968,1,6,2,2,2,0,40,2,1,2,3,0,2838,4257,1,False,14,3,2,0,8,6,2,7,0,7,7
39,0,895,0,5,3,4,4,1,56,3,2,6,4,1,2086,3335,4,False,14,3,3,1,19,6,4,1,0,0,0
40,1,1395,1,26,3,2,2,0,54,3,2,1,2,2,5605,8504,2,False,11,3,1,1,20,2,3,20,7,2,13
45,0,1339,1,7,3,0,2,1,59,3,3,1,1,2,9724,18787,3,False,17,3,3,1,25,2,3,1,0,0,0
40,2,1142,1,8,2,0,4,1,72,3,2,4,4,2,4069,8841,4,True,18,3,3,0,8,2,3,2,2,2,2
49,1,1023,0,2,3,2,4,1,63,2,2,0,2,1,5390,13243,3,False,14,3,4,0,17,3,2,9,6,0,8
34,0,1333,0,10,4,0,3,0,87,3,1,6,3,1,2220,18410,2,True,19,3,4,1,1,2,3,1,1,0,0
38,0,1009,0,2,2,0,2,0,31,3,2,0,1,2,6893,19461,4,False,15,3,4,1,11,3,3,7,7,1,7
26,0,157,1,1,3,2,3,1,95,3,1,2,1,0,2867,20006,1,False,13,3,4,0,8,6,2,7,7,7,6
42,0,557,1,18,4,0,4,1,35,3,2,1,1,2,5410,11189,7,True,17,3,3,1,9,3,2,4,3,1,2
43,0,1034,0,16,3,3,4,0,80,3,4,5,4,1,16064,7744,6,True,22,4,3,1,22,3,3,17,13,1,9
27,2,691,1,9,3,2,4,1,57,3,1,1,2,2,2024,5970,7,False,18,3,4,1,6,1,1,2,2,2,2
27,0,1240,1,2,4,0,4,0,33,3,1,2,1,2,2341,19715,2,False,13,3,4,1,1,6,3,1,0,0,0
59,0,1435,0,25,3,0,1,0,99,3,3,0,1,0,7637,2354,8,False,11,3,4,0,28,3,2,21,16,7,9
31,0,202,1,8,3,0,1,0,34,2,1,1,2,0,1261,22262,2,False,12,3,3,0,1,3,4,1,0,0,0
32,1,1316,1,2,2,0,4,0,38,3,2,1,3,0,4998,2338,5,True,14,3,4,0,10,2,3,8,7,0,7
36,0,852,1,5,4,0,2,0,82,2,1,1,1,1,3419,13072,10,True,14,3,4,1,6,3,4,1,1,0,0
33,0,575,1,25,3,0,4,1,44,2,2,3,2,0,4320,24152,2,False,13,3,4,0,5,2,3,5,3,0,2
32,0,414,0,2,4,3,3,1,82,2,2,0,2,0,9907,26186,8,True,12,3,3,0,7,3,2,2,2,2,2
32,1,1125,1,16,1,0,2,0,72,1,1,1,1,0,3919,4681,2,True,22,4,2,0,10,5,3,10,2,6,7
27,1,1410,0,3,1,2,4,0,71,4,2,0,4,2,4647,16673,2,True,20,4,2,2,6,3,3,6,5,0,4
26,0,1349,1,23,3,0,1,0,90,3,1,1,4,2,2886,3032,2,False,22,4,2,2,3,3,1,3,2,0,2
56,0,1443,0,11,5,3,4,0,89,2,2,0,1,1,5380,20328,5,False,16,3,3,1,6,3,3,0,0,0,0
25,0,1382,0,8,2,1,1,0,85,3,2,0,3,2,4907,13684,1,True,22,4,2,1,6,3,2,5,3,0,4
43,0,782,1,6,4,1,2,1,50,2,4,7,4,2,16627,2671,5,True,14,3,3,1,21,3,2,1,0,0,0
42,0,933,1,29,3,0,2,1,98,3,2,3,2,1,4434,11806,2,False,13,3,4,1,10,3,2,9,8,7,8
40,0,1194,1,2,4,2,3,0,98,3,1,1,3,1,2001,12549,3,False,14,3,2,3,20,2,3,5,3,0,2
42,2,179,2,2,5,2,4,1,79,4,2,8,1,1,6272,12858,8,False,16,3,1,1,10,3,4,4,3,0,3
49,0,470,1,20,4,2,3,0,96,3,2,3,1,1,6567,5549,2,False,14,3,3,0,16,2,2,15,11,5,11
32,0,1401,0,4,2,0,3,0,56,3,1,6,2,1,3931,20990,3,False,11,3,1,1,6,5,3,4,3,1,2
27,1,793,0,2,1,0,4,1,43,1,2,0,4,0,5071,20392,4,False,20,4,2,0,8,3,3,6,2,0,0
36,0,1041,2,13,3,5,3,1,36,3,1,8,2,1,2143,25527,5,False,13,3,2,1,8,2,3,5,2,0,4
27,1,472,1,1,1,4,3,1,60,2,2,3,1,1,4298,9679,6,False,19,3,3,1,6,1,3,2,2,2,0
40,2,218,1,8,1,2,4,1,55,2,3,7,2,2,13757,25178,3,False,11,3,3,1,16,5,3,9,8,4,8
40,0,444,0,2,2,3,2,0,92,3,2,0,2,1,5677,4258,4,False,14,3,3,1,15,4,3,11,8,5,10
56,1,1240,1,9,3,2,1,0,63,3,1,1,3,1,2942,12154,3,False,19,3,2,1,18,4,3,5,4,0,3
27,0,1220,1,5,3,0,3,0,85,3,1,1,2,0,2478,20938,2,True,12,3,2,0,4,2,2,4,3,1,2
33,0,931,1,14,3,2,4,0,72,3,1,1,2,1,2756,4673,2,False,13,3,4,1,8,5,3,8,7,1,6
37,1,663,1,11,3,1,2,1,47,3,3,7,4,2,12185,10056,2,True,14,3,3,3,10,1,3,10,8,0,7
33,2,750,0,22,2,3,3,1,95,3,2,0,2,1,6146,15480,1,False,13,3,1,1,8,2,4,7,7,0,7
33,1,827,1,29,4,2,1,0,54,2,2,1,3,0,4508,3129,2,False,22,4,2,0,14,4,3,13,7,3,8
56,0,206,2,8,4,0,4,1,99,3,5,5,2,0,19717,4022,7,False,14,3,1,0,36,4,3,7,3,7,7
35,1,200,1,18,2,0,3,1,60,3,3,3,4,0,9362,19944,3,False,11,3,3,0,10,2,3,2,2,2,2
31,1,307,1,29,2,2,3,1,71,2,1,2,2,0,3479,11652,1,False,11,3,2,0,6,2,4,5,4,1,4
34,2,697,1,3,4,0,3,1,40,2,1,1,4,1,2979,22478,4,False,17,3,4,3,6,2,3,0,0,0,0
41,0,447,1,5,3,0,2,1,85,4,2,4,2,0,6870,15530,4,False,12,3,1,0,11,3,1,3,2,1,2
27,0,618,1,4,3,0,2,0,76,3,1,1,3,0,2318,17808,2,False,19,3,3,0,1,2,3,1,1,0,0
31,1,715,0,2,4,1,4,1,54,3,2,0,1,0,5332,21602,8,False,13,3,4,0,10,3,3,5,2,0,3
38,0,364,1,3,5,4,4,0,32,3,2,1,3,0,4317,2302,4,True,20,4,2,0,19,2,3,3,2,2,2
33,2,530,0,16,3,0,3,0,36,3,2,0,4,2,5368,16130,2,True,25,4,3,1,7,2,3,6,5,1,2
29,1,574,1,20,1,2,4,1,40,3,1,2,4,1,3812,7003,2,False,13,3,2,0,11,3,4,11,8,3,10
44,0,200,1,29,4,1,4,1,32,3,2,1,4,0,4541,7744,2,False,25,4,2,0,20,3,3,20,11,13,17
24,0,350,1,21,2,4,3,1,57,2,1,2,1,2,2296,10036,1,False,14,3,2,3,2,3,3,1,1,0,0
34,1,669,1,1,3,2,4,1,97,2,2,4,1,0,5343,25755,1,False,20,4,3,0,14,3,3,13,9,4,9
26,2,786,1,7,3,2,4,1,76,3,1,2,4,0,2570,11925,2,False,20,4,3,0,7,5,3,7,7,5,7
20,1,769,0,9,3,3,4,0,54,3,1,6,4,0,2323,17205,2,True,14,3,2,0,2,3,3,2,2,0,2
24,1,1287,1,7,3,0,1,0,55,3,1,2,3,1,2886,14168,2,True,16,3,4,1,6,4,3,6,3,1,2
27,0,269,1,5,1,4,3,1,42,2,3,7,4,2,12808,8842,2,True,16,3,2,1,9,3,3,9,8,0,8
34,2,1362,0,19,3,3,1,1,67,4,2,0,4,0,5304,4652,9,True,13,3,2,0,9,3,2,5,2,0,4
44,0,661,1,9,2,0,2,1,61,3,1,1,1,1,2559,7508,2,True,13,3,4,0,8,0,3,8,7,7,1
39,0,613,1,6,1,2,4,1,42,2,3,4,1,1,9991,21457,5,False,15,3,1,1,9,5,3,7,7,1,7
56,0,718,1,4,4,4,4,0,92,3,5,5,1,2,19943,18575,5,False,13,3,4,1,28,2,3,5,2,4,2
37,0,589,0,9,2,3,2,1,46,2,2,0,2,1,4189,8800,2,False,14,3,1,2,5,2,3,5,2,0,3
35,0,890,0,2,3,3,4,0,97,3,1,6,4,1,2014,9687,2,False,13,3,1,0,2,3,3,2,2,2,2
56,0,441,1,14,4,0,2,0,72,3,1,1,2,1,4963,4510,10,True,18,3,1,3,7,2,3,5,4,4,3
45,0,950,1,28,3,4,4,1,97,3,1,1,4,1,2132,4585,5,False,20,4,4,1,8,3,3,5,4,0,3
53,0,1084,1,13,2,2,4,0,57,4,2,3,1,2,4450,26250,2,False,11,3,3,2,5,3,3,4,2,1,3
26,0,991,1,6,3,0,3,0,71,3,1,2,4,1,2659,17759,2,True,13,3,3,1,3,2,3,3,2,0,2
43,0,990,1,27,3,4,4,1,87,4,1,2,2,2,4876,5855,6,False,12,3,3,1,8,0,3,6,4,0,2
33,1,1076,1,3,3,0,1,1,70,3,1,1,1,0,3348,3164,2,True,11,3,1,0,10,3,3,10,8,9,7
53,0,346,1,6,3,0,4,1,86,3,2,2,4,0,2450,10919,3,False,17,3,4,0,19,4,3,2,2,2,2
51,0,632,0,21,4,3,3,1,71,3,2,0,4,0,5441,8423,1,True,22,4,4,0,11,2,1,10,7,1,0
54,0,584,1,22,5,2,2,0,91,3,4,5,3,1,17426,18685,4,False,25,4,3,1,36,6,3,10,8,4,7
29,0,408,1,25,5,4,3,0,71,2,1,1,2,1,2546,18300,6,False,16,3,2,0,6,2,4,2,2,1,1
35,2,727,1,3,3,0,3,1,41,2,1,2,3,1,1281,16900,2,False,18,3,3,2,1,3,3,1,0,0,0
29,0,738,1,9,5,1,2,1,30,2,1,2,4,0,3983,7621,1,False,17,3,3,0,4,2,3,3,2,2,2
34,0,665,1,6,4,1,1,0,41,3,2,1,3,0,4809,12482,2,False,14,3,3,0,16,3,3,16,13,2,10
32,1,116,1,13,3,1,3,0,77,2,1,2,2,1,2743,7331,2,False,20,4,3,1,2,2,3,2,2,2,2
30,0,241,1,7,3,2,2,1,48,2,1,1,2,1,2141,5348,2,False,12,3,2,1,6,3,2,6,4,1,1
38,0,119,0,3,3,0,1,1,76,3,3,0,3,2,10609,9647,1,False,12,3,3,2,17,6,2,16,10,5,13
18,2,287,1,5,2,0,2,1,73,3,1,1,4,0,1051,13493,2,False,15,3,4,0,0,2,3,0,0,0,0
29,0,1010,1,1,3,0,1,0,97,3,1,1,4,2,3760,5598,2,False,15,3,1,3,3,5,3,3,2,1,2
48,0,1236,1,1,4,0,4,0,40,2,4,5,1,1,15402,17997,8,False,11,3,1,1,21,3,1,3,2,0,2
51,0,1469,1,8,4,0,2,1,81,2,3,7,2,1,12490,15736,6,False,16,3,4,2,16,5,1,10,9,4,7
34,0,1320,1,20,3,4,3,0,89,4,1,1,3,1,2585,21643,1,False,17,3,4,0,2,5,2,1,0,0,0
25,0,266,1,1,3,2,4,0,40,3,1,1,2,0,2096,18830,2,False,18,3,4,0,2,3,2,2,2,2,1
30,2,1400,1,3,3,0,3,1,53,3,1,2,4,1,2097,16734,5,False,15,3,3,1,9,3,1,5,3,1,4
35,1,944,0,1,3,3,3,0,92,3,3,0,3,0,8789,9096,2,False,14,3,1,0,10,3,4,10,7,0,8
33,0,603,0,9,4,3,1,0,77,3,2,0,1,0,8224,18385,1,True,17,3,1,0,6,3,3,5,2,0,3
35,2,1180,1,2,2,2,2,1,90,3,2,3,4,2,5762,24442,3,False,14,3,3,1,15,6,3,7,7,1,7
32,0,499,0,2,1,3,3,1,36,3,2,0,2,1,4078,20497,1,True,13,3,1,3,4,3,2,3,2,1,2
49,0,464,1,16,3,2,4,0,74,3,1,2,1,2,2587,24941,5,True,16,3,2,1,17,2,2,2,2,2,2
30,0,438,1,18,3,0,1,0,75,3,1,1,3,0,2632,23910,2,False,14,3,3,0,5,4,2,5,4,0,4
46,0,566,1,7,2,2,4,1,75,3,3,3,3,2,10845,24208,7,False,13,3,2,1,13,3,3,8,7,0,7
35,0,882,0,3,4,0,4,1,92,3,3,0,4,2,7823,6812,7,False,13,3,2,1,12,2,3,10,9,0,8
46,0,1277,0,2,3,0,3,1,74,3,3,0,4,2,10368,5596,5,True,12,3,2,1,13,5,2,10,6,0,3
32,0,1062,1,2,3,2,3,0,75,3,1,2,2,1,2370,3956,2,False,13,3,3,1,8,4,3,8,0,0,7
44,2,111,1,17,3,0,4,1,74,1,1,1,3,0,2290,4279,3,False,13,3,4,0,6,3,3,0,0,0,0
28,2,120,0,4,3,2,2,1,43,3,2,0,3,1,4221,8863,2,False,15,3,2,0,5,3,4,5,4,0,4
34,0,1440,0,7,2,4,2,1,55,3,1,6,3,1,2308,4944,1,True,25,4,2,1,12,4,3,11,10,5,7
42,0,1265,1,3,3,0,3,0,95,4,2,2,4,1,5231,23726,3,True,13,3,2,1,17,1,2,5,3,1,3
52,0,258,1,8,4,1,3,0,54,3,1,2,1,1,2950,17363,10,False,13,3,3,0,12,2,1,5,4,0,4
28,1,1496,0,1,3,4,1,1,92,3,1,6,3,1,2909,15747,4,False,15,3,4,1,5,3,4,3,2,1,2
32,0,1033,1,9,3,2,1,0,41,3,1,2,1,0,4200,10224,8,False,22,4,1,0,10,2,4,5,4,0,4
32,2,976,0,26,4,3,3,1,100,3,2,0,4,1,4465,12069,1,False,18,3,1,0,4,2,3,3,2,2,2
32,1,1311,1,7,3,0,2,1,100,4,1,2,2,1,2794,26062,2,False,20,4,3,0,5,3,1,5,1,0,3
44,0,1467,1,20,3,0,4,1,49,3,1,1,2,0,3420,21158,2,False,13,3,3,0,6,3,2,5,2,1,3
30,0,1358,0,16,1,0,4,1,96,3,2,0,3,1,5301,2939,9,False,15,3,3,2,4,2,2,2,1,2,2
28,0,1485,1,12,1,0,3,0,79,3,1,2,4,1,2515,22955,2,True,11,3,4,0,1,4,2,1,1,0,0
43,1,559,1,10,4,0,3,0,82,2,2,2,3,2,5257,6227,2,False,11,3,2,1,9,3,4,9,7,0,0
49,0,1495,1,5,4,4,1,1,96,3,2,4,3,1,6651,21534,3,False,14,3,2,1,20,0,2,3,2,1,2
54,0,1082,0,2,4,0,3,0,41,2,3,0,3,1,10686,8392,7,False,11,3,2,1,13,4,3,9,4,7,0
42,0,188,1,29,3,2,2,1,56,1,2,2,4,0,4272,9558,5,False,19,3,1,0,16,3,3,1,0,0,0
38,1,148,1,2,3,2,4,0,42,2,1,2,2,0,2440,23826,2,False,22,4,2,0,4,3,3,4,3,3,3
37,0,397,1,7,4,2,1,1,30,3,3,7,3,0,13664,25258,5,False,13,3,1,0,16,3,4,5,2,0,2
33,0,465,1,2,2,0,1,0,39,3,1,2,1,1,2707,21509,8,False,20,4,1,0,13,3,4,9,7,1,7
29,0,441,1,8,1,1,3,0,39,1,2,4,1,1,9715,7288,4,False,13,3,3,1,9,3,3,7,7,0,7
22,0,581,1,1,2,0,4,1,63,3,1,1,3,0,3375,17624,1,False,12,3,4,0,4,2,4,3,2,1,2
40,0,107,0,10,3,4,2,0,84,2,2,0,2,2,6852,11591,8,False,12,3,2,1,7,2,4,5,1,1,3
43,0,531,0,4,4,3,4,0,56,2,3,0,4,0,10231,20364,4,False,14,3,4,0,23,3,4,21,7,15,17
49,0,1245,1,18,4,0,4,1,58,2,5,7,3,2,19502,2125,2,True,17,3,3,1,31,5,3,31,9,0,9
25,0,882,1,19,1,2,4,1,67,3,1,2,4,1,3669,9075,4,False,11,3,3,3,7,6,2,3,2,1,2
45,2,1050,0,9,4,0,2,0,65,2,2,0,3,1,5593,17970,2,False,13,3,4,1,15,2,3,15,10,4,12
29,0,1210,0,2,3,2,1,1,78,2,2,0,2,1,6644,3687,3,False,19,3,2,2,10,2,3,0,0,0,0
30,0,202,0,2,1,4,3,1,72,3,1,6,2,1,2476,17434,2,False,18,3,1,1,1,3,3,1,0,0,0
45,0,1038,1,20,3,2,2,1,95,1,3,4,1,2,10851,19863,3,True,18,3,2,1,24,2,3,7,7,0,7
39,0,524,1,18,2,0,1,1,32,3,2,3,3,0,4534,13352,1,False,11,3,1,0,9,6,3,8,7,1,7
32,0,128,1,2,1,4,4,1,84,2,2,2,1,0,2176,19737,5,False,13,3,4,0,9,5,3,6,2,0,4
31,2,325,1,5,3,2,2,1,74,3,2,3,1,0,9936,3787,1,False,19,3,2,0,10,2,3,9,4,1,7
27,0,1130,0,8,4,3,2,0,56,3,2,0,2,1,6214,3415,2,False,18,3,1,1,8,3,3,8,7,0,7
46,1,638,1,1,3,2,3,1,40,2,3,4,1,1,10673,3142,3,True,13,3,3,1,21,5,2,10,9,9,5
27,0,1157,1,17,3,4,3,1,51,3,1,1,2,1,3058,13364,1,True,16,3,4,1,6,3,2,5,2,1,1
24,0,1476,0,4,1,2,4,0,42,3,2,0,3,1,4162,15211,2,True,12,3,3,2,5,3,3,5,4,0,3
56,2,667,1,1,4,0,3,1,57,3,2,4,3,2,6306,26236,2,False,21,4,1,1,13,2,2,13,12,1,9
37,0,290,1,21,3,0,2,1,65,4,1,1,1,1,3564,22977,2,True,12,3,1,1,8,3,2,8,7,1,7
41,0,509,1,7,2,4,2,0,43,4,1,1,3,1,3376,18863,2,False,13,3,3,0,10,3,3,10,6,0,8
28,2,1476,1,1,3,0,3,0,55,1,2,2,4,1,6674,16392,1,False,11,3,1,3,10,6,3,9,8,7,5
29,0,1401,1,6,1,2,2,0,54,3,1,2,4,1,3131,26342,2,False,13,3,1,1,10,5,3,10,8,0,8
31,0,691,0,7,3,3,4,1,73,3,2,0,4,2,7547,7143,5,False,12,3,4,3,13,3,3,7,7,1,7
43,1,185,1,10,4,0,3,0,33,3,1,2,4,0,2455,10675,1,False,19,3,1,0,9,5,3,8,7,1,7
28,0,857,1,10,3,1,3,0,59,3,2,1,3,0,3660,7909,4,False,13,3,4,0,10,4,4,8,7,1,7
32,1,238,1,5,2,0,1,0,47,4,1,1,3,0,2432,15318,4,True,14,3,1,0,8,2,3,4,1,0,3
39,0,1383,2,2,3,0,4,0,42,2,2,8,4,1,5204,7790,9,False,11,3,3,2,13,2,3,5,4,0,4
30,0,1138,1,6,3,4,1,0,48,2,2,2,4,1,4627,23631,1,False,12,3,1,1,10,6,3,9,2,6,7
38,1,594,1,2,2,2,3,0,75,2,1,2,2,1,2468,15963,5,False,14,3,2,1,9,4,2,6,1,0,5
29,1,337,1,14,1,1,3,0,84,3,3,4,4,0,7553,22930,1,True,12,3,1,0,9,1,3,8,7,7,7
59,0,818,2,6,2,2,2,1,52,3,1,8,3,1,2267,25657,9,False,17,3,4,0,7,2,2,2,2,2,2
34,1,296,0,6,2,3,4,0,33,1,1,6,3,2,2351,12253,1,False,16,3,4,1,3,3,2,2,2,1,0
55,0,1117,0,18,5,0,1,0,83,3,4,5,2,0,16835,9873,4,False,23,4,4,0,37,2,3,10,9,7,7
46,0,406,0,3,1,3,1,1,52,3,4,5,3,1,17465,15596,4,False,12,3,4,1,23,3,3,12,9,4,9
34,2,999,1,26,1,4,1,0,92,2,1,1,3,2,2029,15891,2,False,20,4,3,3,5,2,3,5,4,0,0
33,0,217,0,10,4,3,2,1,43,3,2,0,3,0,5487,10410,2,False,14,3,2,0,10,2,2,10,4,0,9
38,0,130,0,2,2,3,4,1,32,3,3,0,2,0,7351,20619,8,False,16,3,3,0,10,2,3,1,0,0,0
28,0,1300,1,17,2,2,3,1,79,3,2,2,1,2,4558,13535,2,False,12,3,4,1,10,2,3,10,0,1,8
45,0,192,1,10,2,0,1,1,69,3,1,1,4,1,2654,9655,4,False,21,4,4,2,8,3,2,2,2,0,2
27,0,486,1,8,3,2,2,0,86,4,1,1,3,1,3517,22490,8,False,17,3,1,0,5,0,3,3,2,0,2
33,1,827,1,1,4,1,3,0,84,4,2,4,2,1,5488,20161,2,True,13,3,1,1,6,2,3,6,5,1,2
33,0,118,0,16,3,3,1,0,69,3,2,0,1,0,5324,26507,6,False,15,3,3,0,6,3,3,3,2,0,2
50,1,1421,1,2,3,2,4,0,30,3,4,5,1,1,17856,9490,3,False,22,4,3,1,32,3,3,2,2,2,2
24,0,813,1,1,3,2,2,1,61,3,1,1,4,1,2293,3020,3,True,16,3,1,1,6,2,2,2,0,2,0
41,0,334,0,2,4,0,4,1,88,3,4,5,2,0,16015,15896,2,False,19,3,2,0,22,2,3,22,10,0,4
54,0,1441,1,17,3,4,3,0,56,3,3,3,3,1,10739,13943,9,False,11,3,3,1,22,2,3,10,7,0,8
43,1,807,1,17,3,4,3,1,38,2,1,1,3,1,2437,15587,10,True,16,3,4,1,6,4,3,1,0,0,0
24,2,830,0,13,2,0,4,0,78,3,1,6,2,1,2033,7103,2,False,13,3,3,1,1,2,3,1,0,0,0
45,0,549,1,8,4,1,4,1,75,3,2,1,4,1,3697,9278,10,False,14,3,1,2,12,3,3,10,9,9,8
33,0,924,1,2,3,2,3,1,78,3,1,2,4,0,2496,6670,5,False,11,3,4,0,7,3,3,1,1,0,0
44,2,381,1,24,3,2,1,1,49,1,1,2,3,0,3708,2104,3,False,14,3,3,0,9,5,3,5,2,1,4
46,0,991,2,1,2,0,4,0,44,3,1,8,1,0,3423,22957,7,False,12,3,3,0,10,3,4,7,6,5,7
25,0,583,0,4,1,3,3,1,87,2,2,0,1,1,4256,18154,2,False,12,3,1,0,5,1,4,5,2,0,3
22,0,594,1,2,1,4,3,1,100,3,1,2,4,1,2523,19299,1,False,14,3,3,1,3,2,3,2,1,2,1
30,0,853,1,7,4,0,3,1,49,3,2,2,3,2,3491,11309,2,False,13,3,1,3,10,4,2,10,7,8,9
27,0,1469,1,1,2,2,4,1,82,3,1,2,2,2,3816,17881,2,False,11,3,2,1,5,2,3,5,2,0,4
42,0,419,0,12,4,3,2,1,77,3,2,0,4,2,5087,2900,4,True,12,3,3,2,14,4,3,0,0,0,0
43,0,920,1,3,3,0,3,1,96,1,5,7,4,1,19740,18625,4,False,14,3,2,1,25,2,3,8,7,0,7
29,0,1090,0,10,3,3,4,1,83,3,1,6,2,2,2297,17967,2,False,14,3,4,2,2,2,3,2,2,2,2
36,0,329,1,2,3,0,4,0,96,3,1,1,3,1,2543,11868,5,False,13,3,2,1,6,3,3,2,2,2,2
41,0,263,1,6,3,2,4,1,59,3,1,2,1,0,4721,3119,3,True,13,3,3,0,20,3,3,18,13,2,17
57,0,405,1,1,2,0,2,1,93,4,2,1,3,1,4900,2721,1,False,24,4,1,1,13,2,2,12,9,2,8
44,0,1459,1,10,4,1,4,1,41,3,2,4,4,1,6465,19121,3,True,13,3,4,0,9,5,4,4,2,1,3
37,0,161,1,10,3,0,3,0,42,4,3,7,4,1,13744,15471,2,True,25,4,1,1,16,2,3,16,11,6,8
25,0,1372,0,18,1,0,1,1,93,4,2,0,3,1,6232,12477,3,False,11,3,2,0,6,3,2,3,2,1,2
51,0,432,1,9,4,0,4,1,96,3,1,2,4,1,2075,18725,4,False,23,4,2,2,10,4,3,4,2,0,3
29,0,726,1,29,1,0,4,1,93,1,2,4,3,2,6384,21143,9,False,17,3,4,2,11,3,3,7,0,1,6
41,0,548,1,9,4,0,3,1,94,3,1,2,1,2,2289,20520,2,False,20,4,2,2,5,2,3,5,3,0,4
37,0,807,2,6,4,5,3,1,63,3,1,8,1,2,2073,23648,5,True,22,4,4,0,7,3,3,3,2,0,2
43,0,1372,0,9,3,3,1,0,85,1,2,0,3,0,5346,9489,9,False,13,3,2,0,7,2,2,4,3,1,3
44,0,528,2,1,3,0,3,0,44,3,1,8,4,2,3195,4167,5,True,18,3,1,3,8,2,3,2,2,2,2
29,1,410,1,2,1,0,4,0,97,3,1,2,2,1,3180,4668,1,False,13,3,3,3,4,3,3,3,2,0,2
37,2,1252,0,19,2,2,1,1,32,3,3,0,2,0,7642,4814,2,True,13,3,4,0,10,2,3,10,0,0,9
29,0,468,1,28,4,2,4,0,73,2,1,1,1,0,3785,8489,2,False,14,3,2,0,5,3,1,5,4,0,4
34,2,1375,0,10,3,0,4,1,87,3,2,0,3,2,4001,12313,2,True,14,3,3,1,15,3,3,15,14,0,7
30,0,138,1,22,3,0,1,0,48,3,1,1,3,1,2132,11539,5,True,11,3,2,0,7,2,3,5,2,0,1
46,0,1009,1,2,3,0,1,1,51,3,4,7,3,1,17861,2288,7,False,13,3,3,0,26,2,1,3,2,0,1
25,0,141,0,3,1,1,3,1,98,3,2,0,1,1,4194,14363,2,True,18,3,4,0,5,3,3,5,3,0,3
45,0,194,1,9,3,0,2,1,60,3,2,2,2,2,2348,10901,9,False,18,3,3,1,20,2,1,17,9,0,15
49,0,174,0,8,4,4,4,1,56,2,4,0,2,1,13120,11879,7,False,17,3,2,1,22,3,3,9,8,2,3
30,0,1005,1,3,3,4,4,0,88,3,1,1,1,0,2657,8556,6,True,11,3,3,0,8,5,3,5,2,0,4
29,0,1107,1,28,4,0,3,0,93,3,1,1,4,2,2514,26968,5,False,22,4,1,1,11,1,3,7,5,1,7
45,0,176,2,4,3,0,3,0,56,1,3,8,3,1,9756,6595,5,False,21,4,3,2,9,2,4,5,0,0,3
44,1,429,1,1,2,2,3,1,99,3,1,1,2,2,2342,11092,2,True,12,3,3,3,6,2,2,5,3,2,3
29,0,1378,1,13,2,1,4,1,46,2,2,2,2,1,4025,23679,5,True,13,3,1,1,10,2,3,4,3,0,3
26,1,1479,1,1,3,0,3,0,84,3,2,3,2,2,6397,26767,2,False,20,4,1,1,6,6,1,6,5,1,4
24,1,567,1,2,1,4,1,0,32,3,1,1,4,0,3760,17218,2,True,13,3,3,0,6,2,3,6,3,1,3
41,0,1283,1,5,5,2,2,1,90,4,1,1,3,1,2127,5561,3,True,12,3,1,0,7,5,2,4,2,0,3
47,0,1454,0,2,4,0,4,0,65,2,1,6,4,0,3294,13137,2,True,18,3,1,0,3,3,2,3,2,1,2
36,0,335,0,17,2,3,3,1,33,2,2,0,2,1,5507,16822,3,False,16,3,3,2,12,1,1,4,2,1,3
33,0,589,1,28,4,0,2,1,79,3,2,2,3,1,5207,22949,2,True,12,3,2,1,15,3,3,15,14,5,7
41,2,256,0,10,2,2,3,1,40,1,2,0,2,0,6151,22074,2,False,13,3,1,0,19,4,3,19,2,11,9
19,0,419,0,21,3,1,4,1,37,2,1,6,2,0,2121,9947,2,True,13,3,2,0,1,3,4,1,0,0,0
53,0,1223,1,7,2,2,4,0,50,3,5,5,3,2,18606,18640,4,False,18,3,2,1,26,6,3,7,7,4,7
54,0,971,1,1,3,2,4,0,54,3,4,7,4,0,17328,5652,7,False,19,3,4,0,29,3,2,20,7,12,7
56,1,906,0,6,3,0,3,0,86,4,4,0,1,1,13212,18256,10,False,11,3,4,3,36,0,2,7,7,7,7
30,0,305,1,16,3,0,3,1,58,4,2,4,3,1,5294,9128,4,False,16,3,3,1,10,3,3,7,0,1,7
26,2,265,0,29,2,2,2,1,79,1,2,0,1,0,4969,21813,9,False,18,3,4,0,7,6,3,2,2,2,2
31,0,1276,1,2,1,2,4,0,59,1,1,2,4,2,1129,17536,2,True,11,3,3,3,1,4,3,1,0,0,0
38,0,1261,1,2,4,0,4,1,88,3,2,3,3,1,6553,7259,10,False,14,3,2,0,14,3,3,1,0,0,0
35,2,1225,1,2,4,0,4,0,61,3,2,4,1,2,5093,4761,3,False,11,3,1,1,16,2,4,1,0,0,0
40,1,720,1,16,4,2,1,1,51,2,2,2,3,0,5094,11983,7,False,14,3,4,0,10,6,3,1,0,0,0
46,1,1211,0,5,4,3,1,1,98,3,2,0,4,0,5772,20445,5,True,21,4,3,0,14,4,3,9,6,0,8
36,0,1425,1,14,1,0,3,1,68,3,2,4,4,1,6586,4821,1,True,17,3,1,1,17,2,2,16,8,4,11
28,0,304,0,9,4,0,2,1,92,3,2,0,4,0,5253,20750,2,False,16,3,4,0,7,1,3,7,5,0,7
33,0,586,0,1,3,2,1,1,48,4,2,0,1,2,4037,21816,2,False,22,4,1,1,9,5,3,9,8,0,8
34,2,1065,0,23,4,3,2,1,72,3,2,0,3,0,4568,10034,1,False,20,4,3,0,10,2,3,9,5,8,7
48,1,708,0,7,2,2,4,0,95,3,1,6,3,1,2655,11740,3,True,11,3,3,2,19,3,3,9,7,7,7
40,0,898,2,6,2,2,3,1,38,3,4,5,4,0,16437,17381,2,True,21,4,4,0,21,2,3,21,7,7,7
49,0,465,1,6,1,0,3,0,41,2,4,4,3,1,13966,11652,3,True,19,3,2,1,30,3,3,15,11,2,12
35,0,737,0,10,3,2,4,1,55,2,3,0,1,1,10306,21530,10,False,17,3,3,0,15,3,3,13,12,6,0
35,0,1204,0,4,3,4,4,1,86,3,3,0,1,0,9582,10333,1,True,22,4,1,0,9,2,3,8,7,4,7
39,0,1329,0,4,4,0,4,0,47,2,2,0,3,1,5902,14590,5,False,14,3,3,1,17,1,4,15,11,5,9
34,2,967,1,16,4,4,4,1,85,1,1,1,1,1,2307,14460,2,True,23,4,2,1,5,2,3,5,2,3,0
44,0,1117,1,2,1,0,1,0,72,4,1,1,4,1,2011,19982,2,False,13,3,4,1,10,5,3,10,5,7,7
24,0,581,1,9,3,2,3,1,62,4,1,1,3,1,4401,17616,2,False,16,3,4,1,5,1,3,5,3,0,4
35,1,880,0,12,4,1,4,1,36,3,2,0,4,0,4581,10414,4,True,24,4,1,0,13,2,4,11,9,6,7
36,0,430,1,2,4,1,4,0,73,3,2,1,2,1,6962,19573,5,True,22,4,4,1,15,2,3,1,0,0,0
46,0,1003,1,8,4,0,4,0,74,2,2,1,1,2,4615,21029,9,True,23,4,1,3,19,2,3,16,13,1,7
34,0,507,0,15,2,2,3,0,66,3,2,0,1,0,6125,23553,2,False,12,3,4,0,10,6,4,10,8,9,6
35,0,583,1,25,4,2,3,0,57,3,3,4,3,2,10388,6975,2,True,11,3,3,1,16,3,2,16,10,10,1
27,1,829,0,8,1,3,3,1,84,3,2,0,4,1,4342,24008,1,False,19,3,2,1,5,3,3,4,2,1,1
24,0,1371,0,10,4,3,4,0,77,3,2,0,3,2,4260,5915,2,True,12,3,4,1,5,2,4,5,2,0,3
34,0,678,1,19,3,0,2,0,35,2,1,1,4,1,2929,20338,2,False,12,3,2,0,10,3,3,10,9,8,7
54,1,1050,1,11,4,2,2,0,87,3,4,5,4,2,16032,24456,4,False,20,4,1,1,26,2,3,14,9,1,12
29,1,806,1,1,4,0,2,1,76,1,1,1,4,2,2720,18959,2,False,18,3,4,1,10,5,3,10,7,2,8
31,0,1079,0,10,2,2,3,0,86,3,2,0,4,2,6583,20115,3,True,11,3,4,1,8,2,3,5,2,1,4
39,0,412,1,13,4,2,3,0,94,2,4,5,2,2,17123,17334,7,True,13,3,4,2,21,4,3,19,9,15,2
27,2,1277,1,8,5,0,1,1,87,1,1,2,3,1,4621,5869,2,False,19,3,4,3,3,4,3,3,2,1,2
34,0,419,1,7,4,0,1,0,53,3,3,7,2,0,11994,21293,1,False,11,3,3,0,13,4,3,12,6,2,11
40,0,1342,0,9,2,2,1,1,47,3,2,0,1,1,5473,19345,1,False,12,3,4,0,9,5,4,8,4,7,1
46,0,1402,0,2,3,3,3,0,69,3,4,5,1,1,17048,24097,9,False,23,4,1,0,28,2,3,26,15,15,9
50,0,328,1,1,3,2,3,1,86,2,1,2,3,1,3690,3425,3,False,15,3,4,1,5,2,2,3,2,0,2
50,0,804,1,9,3,0,1,1,64,3,1,2,4,1,2380,20165,5,False,18,3,2,0,8,5,3,1,0,0,0
21,0,1427,1,18,1,1,4,0,65,3,1,1,4,0,2693,8870,2,False,19,3,1,0,1,3,2,1,0,0,0
28,2,280,2,1,2,0,3,1,43,3,1,8,4,2,2706,10494,2,False,15,3,2,1,3,2,3,3,2,2,2
39,0,1387,1,10,5,2,2,1,76,3,2,3,1,1,5377,3835,3,False,13,3,4,3,10,3,3,7,7,7,7
34,0,285,1,29,3,2,2,1,86,3,2,2,3,1,5429,17491,5,False,13,3,1,2,10,1,3,8,7,7,7
33,0,922,1,1,5,2,1,0,95,4,4,7,3,2,16184,22578,5,False,19,3,3,1,10,2,3,6,1,0,5
32,0,1373,1,5,4,0,4,1,56,2,2,3,4,0,9679,10138,9,False,24,4,2,0,8,1,3,1,0,0,0
46,0,228,0,3,3,0,3,0,51,3,4,5,2,1,16606,11380,9,False,12,3,4,1,23,2,4,13,12,5,1
28,0,1451,1,2,1,0,1,1,67,2,1,1,2,1,3201,19911,1,False,17,3,1,0,6,2,1,5,3,0,4
30,0,945,0,9,3,2,2,1,89,3,1,6,4,0,1081,16019,2,False,13,3,3,0,1,3,2,1,0,0,0
46,0,1450,1,15,2,0,4,1,52,3,5,7,2,1,19081,10849,6,False,11,3,1,1,25,2,3,4,2,0,3
37,0,625,0,1,4,0,1,1,46,2,3,0,3,1,10609,14922,6,False,11,3,3,0,17,2,1,14,1,11,7
56,0,1255,1,1,2,0,1,0,90,3,1,1,1,1,2066,10494,3,False,22,4,4,1,5,3,4,3,2,1,0
24,2,1092,1,9,3,0,3,1,60,2,1,2,2,2,2694,26551,2,False,11,3,3,3,1,4,3,1,0,0,0
35,0,1214,1,1,3,2,2,1,30,2,1,1,3,0,2859,26278,2,False,18,3,1,0,6,3,3,6,4,0,4
29,1,459,1,24,2,0,4,1,73,2,1,1,4,0,2439,14753,2,True,24,4,2,0,1,3,2,1,0,1,0
35,0,1490,1,11,4,2,4,1,43,3,1,2,3,1,2660,20232,8,True,11,3,3,1,5,3,3,2,2,2,2
43,2,343,1,9,3,0,1,1,52,3,1,1,3,0,2438,24978,5,False,13,3,3,0,7,2,2,3,2,1,2
35,0,670,1,10,4,2,1,0,51,3,2,4,3,0,6142,4223,4,True,16,3,3,0,10,4,3,5,2,0,4
48,0,530,0,29,1,2,1,0,91,3,3,5,3,1,12504,23978,4,False,21,4,2,1,15,3,1,0,0,0,0
42,0,635,0,1,1,0,2,1,99,3,2,0,3,1,4907,24532,2,False,25,4,3,0,20,3,3,20,16,11,6
29,0,991,0,5,3,2,1,1,43,2,2,0,2,2,4187,3356,2,True,13,3,2,1,10,3,2,10,0,0,9
40,1,791,1,2,2,2,3,0,38,4,2,4,2,1,4244,9931,2,False,24,4,4,1,8,2,3,8,7,3,7
38,0,1495,1,4,2,2,4,0,87,3,1,2,3,1,3306,26176,8,False,19,3,4,1,7,5,2,0,0,0,0
23,0,507,1,20,1,0,1,1,97,3,2,2,3,0,2272,24812,1,False,14,3,2,0,5,2,3,4,3,1,2
46,0,734,1,2,4,2,3,1,46,3,5,7,4,2,19328,14218,8,True,17,3,3,1,24,3,3,2,1,2,2
27,1,994,0,8,3,0,4,1,37,3,3,0,3,0,8726,2975,2,False,15,3,4,0,9,0,3,9,8,1,7
37,0,1141,1,11,2,2,1,0,61,1,2,4,2,1,4777,14382,6,False,15,3,1,0,15,2,1,1,0,0,0
55,1,135,1,18,4,2,3,1,62,3,2,4,2,1,6385,12992,4,True,14,3,4,2,17,3,3,8,7,6,7
29,0,592,1,7,3,0,4,1,59,3,1,2,1,0,2062,19384,4,False,14,3,2,0,11,2,3,3,2,1,2
32,0,827,1,1,1,0,4,1,71,3,1,1,1,0,2956,15178,2,False,13,3,4,0,1,2,3,1,0,0,0
27,0,1103,1,14,3,0,1,1,42,3,1,1,1,1,2235,14377,2,True,14,3,4,2,9,3,2,9,7,6,8
45,1,1249,1,7,3,0,1,1,97,3,3,2,1,2,5210,20308,2,False,18,3,1,1,24,2,3,24,9,9,11
33,1,1303,1,7,2,0,4,1,36,3,2,4,3,2,5968,18079,2,False,20,4,3,3,9,2,3,9,7,2,8
30,0,921,1,1,3,0,4,1,38,1,1,2,3,1,3833,24375,4,False,21,4,3,2,7,2,3,2,2,0,2
36,0,660,1,15,3,1,1,1,81,3,2,2,3,2,4834,7858,8,False,14,3,2,1,9,3,2,1,0,0,0
23,0,977,1,10,3,4,4,1,45,4,1,1,3,1,2073,12826,3,False,16,3,4,1,4,2,3,2,2,2,2
23,0,427,0,7,3,0,3,1,99,3,1,6,4,2,2275,25103,2,True,21,4,2,1,3,2,3,3,2,0,2
39,0,1122,1,6,3,2,4,1,70,3,1,2,1,1,2404,4303,8,True,21,4,4,0,8,2,1,2,2,2,2
34,1,426,1,10,4,0,3,1,42,4,2,3,4,2,4724,17000,2,False,13,3,1,1,9,3,3,9,7,7,2
25,0,383,0,9,2,0,1,1,68,2,1,6,1,1,4400,15182,4,False,12,3,1,0,6,2,3,3,2,2,2
34,0,735,0,3,1,2,4,0,75,2,2,0,4,1,8103,16495,4,True,12,3,3,0,9,3,2,4,2,0,1
29,1,115,0,13,3,4,1,0,51,3,2,0,2,0,5765,17485,6,False,11,3,1,0,7,4,1,5,3,0,0
23,0,1243,1,6,3,0,3,1,63,4,1,2,1,1,1601,3445,2,True,21,4,3,2,1,2,3,0,0,0,0
35,0,819,1,2,3,0,3,1,44,2,3,3,2,2,10274,19588,3,False,18,3,2,1,15,2,4,7,7,6,4
35,0,219,1,16,2,1,4,0,44,2,2,3,2,1,4788,25388,1,True,11,3,4,0,4,2,3,3,2,0,2
40,0,1322,1,2,4,0,3,1,52,2,1,1,3,0,2809,2725,3,False,14,3,4,0,8,2,3,2,2,2,2
38,1,508,1,6,4,0,1,1,72,2,2,3,3,1,5321,14284,3,False,11,3,4,1,10,1,3,8,3,7,7
38,2,152,0,10,3,4,3,0,85,3,2,0,4,0,5666,19899,2,True,13,3,2,0,6,1,3,5,3,1,3
34,0,404,1,2,4,4,3,0,98,3,2,4,4,0,6687,6163,2,False,11,3,4,0,14,2,4,14,11,4,11
37,1,319,0,4,4,3,1,1,41,3,1,6,4,2,2793,2539,5,False,17,3,3,1,13,2,3,9,8,5,8
31,0,218,0,7,3,4,2,1,100,4,2,0,4,1,6929,12241,5,False,11,3,2,1,10,3,2,8,7,7,7
32,1,1005,1,2,2,0,4,1,79,3,1,2,4,0,3068,11864,1,False,13,3,3,0,8,2,2,7,7,3,6
47,0,955,0,4,2,0,4,0,83,3,2,0,4,0,4163,8571,2,True,17,3,3,0,9,0,3,9,0,0,7
34,0,479,1,7,4,2,1,1,35,3,1,1,4,0,2972,22061,2,False,13,3,3,0,1,4,1,1,0,0,0
26,0,703,0,28,2,3,1,1,66,3,2,0,2,1,6272,7428,2,False,20,4,4,2,6,5,4,5,3,1,4
51,1,541,0,2,3,3,2,1,52,3,3,0,2,1,10596,15395,3,False,11,3,2,0,14,5,3,4,2,3,2
34,0,937,0,1,3,3,1,1,32,3,3,0,4,0,9888,6770,2,False,21,4,1,0,14,3,2,14,8,2,1
48,0,715,1,1,3,0,4,1,76,2,5,7,4,0,18265,8733,7,False,12,3,3,0,25,3,4,1,0,0,0
18,1,1306,0,5,3,3,2,1,69,3,1,6,2,0,1878,8059,2,True,14,3,4,0,0,3,3,0,0,0,0
50,0,410,0,28,3,3,4,1,39,2,3,0,1,2,10854,16586,5,True,13,3,2,1,20,3,3,3,2,2,0
44,0,921,1,2,3,0,3,0,96,4,3,4,4,1,7879,14810,2,True,19,3,2,1,9,2,3,8,7,6,7
35,1,636,1,4,4,1,4,1,47,2,1,2,4,1,2376,26537,2,False,13,3,2,1,2,2,4,2,2,2,2
51,1,237,0,9,3,0,4,1,83,3,5,5,2,2,19847,19196,5,True,24,4,1,1,31,5,2,29,10,11,10
31,0,542,0,20,3,0,2,0,71,1,2,0,3,1,4559,24788,4,True,11,3,3,1,4,2,3,2,2,2,2
31,1,1445,1,1,5,0,3,0,100,4,3,3,2,0,7446,8931,2,False,11,3,1,0,10,2,3,10,8,4,7
40,0,555,1,2,3,2,2,0,78,2,2,2,3,1,3448,13436,7,False,22,4,2,1,20,3,3,1,0,0,0
26,0,1384,1,3,4,2,1,1,82,4,1,2,4,1,4420,13421,2,False,22,4,2,1,8,2,3,8,7,0,7
41,0,796,0,4,1,3,3,0,81,3,3,0,3,2,10447,26458,1,True,13,3,4,1,23,3,4,22,14,13,5
28,0,1217,1,1,3,2,3,0,67,3,1,1,1,1,3591,12719,2,False,25,4,3,1,3,3,3,3,2,1,2
21,0,984,1,1,1,4,4,0,70,2,1,1,2,0,2070,25326,2,True,11,3,3,0,2,6,4,2,2,2,2
39,1,443,1,8,1,0,3,0,48,3,1,2,3,1,3755,17872,2,False,11,3,1,1,8,3,3,8,3,0,7
32,0,117,0,13,4,0,2,1,73,3,2,0,4,2,4403,9250,3,False,11,3,3,1,8,3,2,5,2,0,3
25,0,867,0,19,2,3,3,1,36,2,1,6,2,1,2413,18798,2,True,18,3,3,3,1,2,3,1,0,0,0
35,0,950,1,7,3,1,3,1,59,3,3,3,3,0,10221,18869,4,False,21,4,2,0,17,3,4,8,5,1,6
34,1,648,2,11,3,0,3,1,56,2,2,8,2,1,4490,21833,5,False,11,3,4,2,14,5,4,10,9,1,8
42,0,265,0,5,2,3,4,1,90,3,5,5,3,1,18303,7770,7,False,13,3,2,0,21,3,4,1,0,0,0
38,0,723,0,2,4,3,2,0,77,1,2,6,4,1,5405,4244,3,True,20,4,1,2,20,4,2,4,2,0,3
39,0,408,1,2,4,4,4,0,80,2,2,4,3,0,4553,20978,2,False,11,3,1,0,20,4,3,20,7,11,10
52,0,1053,1,1,2,0,4,1,70,3,4,5,4,1,17099,13829,3,False,15,3,2,1,26,2,2,9,8,7,8
34,0,401,1,1,3,0,4,0,86,2,1,2,2,1,3294,3708,6,False,17,3,1,1,7,2,2,5,4,0,2
42,0,1142,1,8,3,0,4,1,81,3,1,2,3,0,3968,13624,5,False,13,3,4,0,8,3,3,0,0,0,0
29,0,805,1,1,2,0,2,0,36,2,1,2,1,1,2319,6689,2,True,11,3,4,1,1,1,3,1,0,0,0
52,0,1325,1,11,4,0,4,0,82,3,2,2,3,1,3149,21821,9,False,20,4,2,1,9,3,3,5,2,1,4
29,0,428,0,9,3,3,2,0,52,1,1,6,2,0,2760,14630,2,False,13,3,3,0,2,3,3,2,2,2,2
43,1,1082,1,27,3,0,3,0,83,3,3,3,1,1,10820,11535,9,False,11,3,3,1,18,1,3,8,7,0,1
55,0,725,1,2,3,2,4,1,78,3,5,5,1,1,19859,21199,6,True,13,3,4,1,24,2,3,5,2,1,4
42,1,1474,1,5,2,1,2,1,97,3,1,2,3,1,2093,9260,5,False,17,3,4,1,8,4,3,2,2,2,0
29,0,1389,1,21,4,0,2,0,51,4,3,3,1,2,9980,10195,2,False,11,3,3,1,10,1,3,10,9,8,8
30,1,448,0,12,4,0,2,1,74,2,1,6,1,1,2033,14470,2,False,18,3,3,1,1,2,4,1,0,0,0
39,0,1089,1,6,3,0,2,0,32,3,3,3,2,0,8376,9150,5,False,18,3,4,0,9,3,3,2,0,2,2
42,0,300,1,2,3,0,1,1,56,3,5,5,3,1,18880,17312,6,False,11,3,1,0,24,2,2,22,6,4,14
49,0,1261,1,7,3,1,2,1,31,2,3,4,3,0,10965,12066,9,False,24,4,3,0,26,2,3,5,2,0,0
39,2,439,1,9,3,0,3,1,70,3,2,2,2,0,6782,8770,10,False,15,3,3,0,9,2,2,5,4,0,3
44,0,1199,1,4,2,0,3,1,92,4,5,5,1,2,19190,17477,2,False,14,3,4,2,26,4,2,25,9,14,13
34,0,1346,1,19,2,2,2,1,93,3,1,2,4,2,2661,8758,1,False,11,3,3,1,3,2,3,2,2,1,2
40,0,1308,1,14,3,2,3,1,44,2,5,7,3,0,19626,17544,2,False,14,3,1,0,21,2,4,20,7,4,9
34,1,829,1,15,3,2,2,1,71,3,4,7,1,2,17007,11929,8,False,14,3,4,2,16,3,2,14,8,6,9
36,0,884,0,1,4,0,2,0,73,3,2,0,3,0,6815,21447,7,False,13,3,1,0,15,5,3,1,0,0,0
24,0,771,1,1,2,0,2,1,45,2,2,4,3,0,4617,14120,2,False,12,3,2,0,4,2,2,4,3,1,2
26,0,482,1,1,2,0,2,0,90,2,1,1,3,1,2933,14908,2,True,13,3,3,1,1,3,2,1,0,1,0
36,0,1266,0,10,4,4,2,0,63,2,2,0,3,1,5673,6060,2,True,13,3,1,1,10,4,3,10,9,1,7
20,0,805,1,3,3,0,1,1,87,2,1,2,3,0,3033,12828,2,False,12,3,1,0,2,2,2,2,2,1,2
45,0,1329,1,2,2,1,4,0,59,2,2,3,4,2,5770,5388,2,False,19,3,1,2,10,3,3,10,7,3,9
35,0,1296,1,5,4,4,3,1,62,3,3,3,2,0,8095,18264,1,False,13,3,4,0,17,5,3,16,6,0,13
45,0,974,1,1,4,2,4,0,91,3,1,2,4,2,2270,11005,4,False,14,3,4,2,8,2,3,5,3,0,2
49,1,1475,1,28,2,0,1,1,97,2,2,2,1,0,4284,22710,4,False,20,4,1,0,20,2,3,4,3,1,3
45,0,1449,0,2,3,3,1,0,94,1,5,5,2,0,18824,2493,3,True,16,3,1,0,26,2,3,24,10,1,11
18,1,544,0,3,2,2,2,0,70,3,1,6,4,0,1569,18420,2,True,12,3,3,0,0,2,4,0,0,0,0
35,0,1402,0,28,4,0,2,0,98,2,1,6,3,1,2430,26204,1,False,23,4,1,2,6,5,3,5,3,4,2
37,0,921,1,10,3,2,3,0,98,3,1,2,1,1,3452,17663,7,False,20,4,2,1,17,3,3,5,4,0,3
33,0,1198,1,1,4,1,3,1,100,2,1,1,1,0,2799,3339,4,True,11,3,2,0,6,1,3,3,2,0,2
28,0,1475,0,13,2,3,4,0,84,3,2,0,3,0,9854,23352,4,True,11,3,4,0,6,0,3,2,0,2,2
40,0,884,1,15,3,0,1,0,80,2,3,3,3,1,10435,25800,2,False,13,3,4,2,18,2,3,18,15,14,12
35,0,1276,1,16,3,0,4,1,72,3,3,4,3,1,7632,14295,5,True,12,3,3,0,10,2,3,8,7,0,0
43,1,313,1,21,3,2,4,1,61,3,1,2,4,1,2258,15238,8,False,20,4,1,1,8,1,3,3,2,1,2
39,0,1431,1,1,4,2,3,0,96,3,1,2,3,2,2232,15417,8,False,14,3,3,3,7,1,3,3,2,1,2
33,1,970,0,7,3,0,4,0,30,3,2,0,2,1,4302,13401,1,False,17,3,3,1,4,3,3,3,2,0,2
35,0,809,1,16,3,2,1,1,84,4,1,2,2,1,2426,16479,1,False,13,3,3,1,6,5,3,5,4,0,3
47,0,1180,1,25,3,2,1,1,84,3,3,4,3,0,8633,13084,3,False,23,4,2,0,25,3,3,17,14,12,11
37,0,367,1,25,2,2,3,0,52,2,2,4,4,2,5731,17171,8,False,13,3,3,2,9,2,3,6,2,1,3
59,1,1225,0,1,1,0,1,0,57,2,2,0,3,0,5473,24668,8,False,11,3,4,0,20,2,2,4,3,1,3
38,0,322,0,7,2,2,1,0,44,4,2,0,1,2,5605,19191,2,True,24,4,3,1,8,3,3,8,0,7,7
49,0,1091,1,1,2,4,3,0,90,2,4,4,3,0,13964,17810,8,True,12,3,4,0,25,2,3,7,1,0,7
53,0,447,1,2,3,2,4,1,39,4,4,7,2,0,16598,19764,5,False,12,3,2,0,35,2,2,9,8,8,8
41,1,857,1,10,3,0,4,1,91,2,4,5,1,2,17181,12888,5,False,13,3,2,1,21,2,2,7,6,7,7
29,0,657,1,27,3,2,2,0,66,3,2,4,3,1,4335,25549,5,False,12,3,1,1,11,3,2,8,7,1,1
30,0,852,1,1,1,0,4,1,55,2,2,2,4,1,5126,15998,2,True,12,3,3,2,10,1,2,10,8,3,0
49,0,1098,1,4,2,2,1,1,85,2,5,5,3,1,18711,12124,3,False,13,3,3,1,23,2,4,1,0,0,0
25,0,810,0,8,3,0,4,1,57,4,2,0,2,1,4851,15678,1,False,22,4,3,1,4,4,3,3,2,1,2
49,0,301,1,22,4,1,1,0,72,3,4,7,2,1,16413,3498,4,False,16,3,2,2,27,2,3,4,2,1,2
56,0,1400,1,7,3,0,4,1,49,1,3,3,4,0,7260,21698,5,False,11,3,1,0,37,3,2,6,4,0,2
30,0,852,0,10,3,3,3,1,72,2,2,0,3,1,6578,2706,2,False,18,3,1,1,10,3,3,10,3,1,4
36,0,917,1,6,4,0,3,1,60,1,1,2,3,2,2741,6865,2,False,14,3,3,1,7,4,3,7,7,1,7
36,0,318,1,9,3,2,4,1,79,2,1,1,3,1,3388,21777,1,True,17,3,1,1,2,0,2,1,0,0,0
47,1,1379,1,16,4,2,3,1,64,4,2,3,3,2,5067,6759,2,True,19,3,3,0,20,3,4,19,10,2,7
47,0,983,1,2,2,2,1,0,65,3,2,3,4,2,5070,7389,6,False,13,3,3,3,20,2,3,5,0,0,4
30,2,990,1,7,3,4,3,1,64,3,1,1,3,2,1274,7152,2,False,13,3,2,2,1,2,2,1,0,0,0
38,0,1245,0,14,3,0,3,1,80,3,2,0,2,1,9924,12355,1,False,11,3,4,1,10,3,3,9,8,7,7
55,1,1091,1,2,1,0,4,1,65,3,3,3,2,1,10976,15813,4,False,18,3,2,1,23,4,3,3,2,1,2
28,0,866,0,5,3,2,4,1,84,3,2,0,1,0,8463,23490,1,False,18,3,4,0,6,4,3,5,4,1,3
46,0,377,0,9,3,3,1,1,52,3,3,0,4,2,10096,15986,5,False,11,3,1,1,28,1,4,7,7,4,3
44,1,920,1,24,3,0,4,1,43,3,1,2,3,2,3161,19920,4,True,22,4,4,1,19,0,1,1,0,0,0
37,0,1115,1,1,4,0,1,1,51,2,2,3,3,2,5993,2689,2,False,18,3,3,1,7,2,4,7,5,0,7
39,2,1485,1,25,2,0,3,1,71,3,3,4,3,1,10920,3449,4,False,21,4,2,1,13,2,3,6,4,0,5
40,0,1329,1,7,3,0,1,1,73,3,1,2,1,0,2166,3339,4,True,14,3,2,0,10,3,1,4,2,0,3
60,0,696,0,7,4,3,2,1,52,4,2,0,4,2,5220,10893,1,True,18,3,2,1,12,3,3,11,7,1,9
31,0,688,0,7,3,0,3,1,44,2,3,5,4,2,11557,25291,10,False,21,4,3,1,10,3,2,5,4,0,1
34,0,1326,0,3,3,1,4,1,81,1,2,0,1,0,4759,15891,4,False,18,3,4,0,15,2,3,13,9,3,12
27,0,728,0,23,1,2,2,0,36,2,2,6,3,1,3540,7018,2,False,21,4,4,1,9,5,3,9,8,5,8
45,0,1448,1,29,3,4,2,1,55,3,3,3,4,1,9380,14720,5,True,18,3,4,2,10,4,4,3,1,1,2
31,0,1332,1,11,2,2,3,1,80,3,2,4,1,1,6833,17089,2,True,12,3,4,0,6,2,2,6,5,0,1
58,0,286,1,2,4,0,4,1,31,3,5,7,2,0,19246,25761,8,True,12,3,4,0,40,2,3,31,15,13,8
46,0,669,0,9,2,2,3,1,64,2,3,0,4,0,9619,13596,2,False,16,3,4,0,9,3,3,9,8,4,7
27,0,954,0,9,3,3,4,1,44,3,2,0,4,0,4105,5099,2,False,14,3,1,0,7,5,3,7,7,0,7
37,0,446,1,1,4,0,2,0,65,3,2,3,2,1,6447,15701,7,False,12,3,2,1,8,2,2,6,5,4,3
36,0,1403,1,6,3,0,4,1,47,3,1,2,4,1,3210,20251,1,False,11,3,3,1,16,4,3,15,13,10,11
24,1,897,2,10,3,2,1,1,59,3,1,8,4,1,2145,2097,1,False,14,3,4,1,3,2,3,2,2,2,1
35,0,755,1,9,4,0,3,1,97,2,2,4,2,0,6540,19394,10,False,19,3,3,0,10,5,3,1,1,0,0
21,0,501,0,5,1,2,3,1,58,3,1,6,1,0,2380,25479,2,True,11,3,4,0,2,6,3,2,2,1,2
27,0,155,1,4,3,0,2,1,87,4,2,3,2,1,6142,5174,2,True,20,4,2,1,6,0,3,6,2,0,3
40,0,896,1,2,3,2,3,1,68,3,1,1,3,2,2345,8045,3,False,14,3,3,1,8,3,4,3,1,1,2
31,1,667,0,1,4,0,2,0,50,1,1,6,3,0,1359,16154,2,False,12,3,2,0,1,3,3,1,0,0,0
27,0,1055,1,2,4,0,1,0,47,3,2,3,4,1,4227,4658,1,False,18,3,2,1,4,2,3,3,2,2,2
28,0,1083,1,29,1,0,3,1,96,1,2,3,2,1,6549,3173,2,False,14,3,2,2,8,2,2,8,6,1,7
32,0,634,1,5,4,1,2,0,35,4,1,1,4,1,3312,18783,4,False,17,3,4,2,6,3,3,3,2,0,2
20,0,129,1,4,3,4,1,1,84,3,1,2,1,0,2973,13008,2,False,19,3,2,0,1,2,3,1,0,0,0
29,0,1086,1,7,1,2,1,0,62,2,1,2,4,2,2532,6054,7,False,14,3,3,3,8,5,3,4,3,0,3
48,0,1469,1,20,4,2,4,1,51,3,1,1,3,1,2259,5543,5,False,17,3,1,2,13,2,2,0,0,0,0
30,1,1312,1,2,4,4,4,0,78,2,1,1,1,0,4968,26427,1,False,16,3,4,0,10,2,3,9,7,0,7
41,2,267,0,10,2,0,4,1,56,3,2,0,4,0,6230,13430,8,False,14,3,4,0,16,3,3,14,3,1,10
29,1,746,0,24,3,4,3,1,45,4,1,6,1,0,1091,10642,2,False,17,3,4,0,1,3,3,1,0,0,0
33,0,1099,1,4,4,2,1,0,82,2,1,2,2,1,3838,8192,9,False,11,3,4,0,8,5,3,5,4,0,2
32,0,1018,1,3,2,0,3,0,39,3,3,7,4,0,11159,19373,4,False,15,3,4,0,10,6,3,7,7,7,7
29,1,1404,0,20,3,4,3,0,84,3,1,6,4,1,2157,18203,2,False,15,3,2,1,3,5,3,3,1,0,2
49,1,1064,1,2,1,0,2,1,42,3,5,7,4,1,19161,13738,4,False,15,3,4,0,28,3,3,5,4,4,3
32,1,585,1,10,3,0,1,1,56,3,1,1,3,1,3433,17360,7,False,13,3,1,1,10,3,2,5,2,1,3
39,0,1162,0,3,2,2,4,0,41,3,2,0,3,1,5238,17778,5,True,18,3,1,0,12,3,2,1,0,0,0
52,0,1490,1,4,2,0,4,0,30,3,4,5,4,1,16555,10310,3,False,13,3,4,0,31,2,1,5,2,1,4
24,0,1206,1,17,1,2,4,0,41,2,2,3,3,2,4377,24117,2,False,15,3,2,2,5,6,3,4,2,3,2
26,0,1167,0,5,3,1,4,0,30,2,1,6,3,0,2966,21378,1,False,18,3,4,0,5,2,3,4,2,0,0
20,0,1362,1,10,1,2,4,1,32,3,1,1,3,0,1009,26999,2,True,11,3,4,0,1,5,3,1,0,1,1
23,0,885,1,4,3,2,1,1,58,4,1,1,1,1,2819,8544,3,False,16,3,1,1,5,3,4,3,2,0,2
37,0,309,0,10,4,0,4,0,88,2,2,0,4,2,6694,24223,3,True,14,3,3,3,8,5,3,1,0,0,0
47,0,249,0,2,2,3,3,0,35,3,2,0,4,1,4537,17783,1,True,22,4,1,1,8,2,3,7,6,7,7
19,0,265,1,25,3,0,2,0,57,4,1,1,4,0,2994,21221,2,True,12,3,4,0,1,2,3,1,0,0,1
34,0,121,1,2,4,2,3,0,86,2,1,1,1,0,4381,7530,2,False,11,3,3,0,6,3,3,6,5,1,3
25,0,1219,1,4,1,4,4,1,32,3,1,2,4,1,3691,4605,2,True,15,3,2,1,7,3,4,7,7,5,6
26,1,496,1,11,2,2,1,1,60,3,2,4,1,1,4741,22722,2,True,13,3,3,1,5,3,3,5,3,3,3
41,0,1085,1,2,4,0,2,0,57,1,1,2,4,2,2778,17725,5,True,13,3,3,1,10,1,2,7,7,1,0
26,0,1146,0,8,3,4,4,1,38,2,2,0,1,0,5326,3064,7,False,17,3,3,0,6,2,2,4,3,1,2
41,0,918,0,6,3,3,4,1,35,3,3,0,3,0,9241,15869,2,False,12,3,2,0,10,3,3,10,8,8,7
29,1,995,1,2,1,0,1,1,87,3,2,4,4,2,8853,24483,2,False,19,3,4,1,6,0,4,6,4,1,3
27,1,1297,1,5,2,0,4,0,53,3,1,2,4,0,2379,19826,1,True,14,3,3,0,6,3,2,5,4,0,2
35,0,556,1,23,2,0,2,1,50,2,2,3,3,1,5916,15497,4,True,13,3,1,0,8,1,3,1,0,0,1
49,2,1002,1,18,4,0,4,1,92,3,2,3,4,2,6804,23793,2,True,15,3,1,2,7,0,3,7,7,1,7
33,1,553,1,5,4,0,4,0,74,3,3,5,2,1,11878,23364,7,False,11,3,2,2,12,2,3,10,6,8,8
26,1,426,2,17,4,0,2,0,58,3,1,8,3,2,2741,22808,1,True,11,3,2,1,8,2,2,7,7,1,0
34,1,658,1,7,3,0,1,1,66,1,2,2,3,0,6074,22887,2,True,24,4,4,0,9,3,3,9,7,0,6
32,2,1146,1,15,4,2,3,0,34,3,2,4,4,2,6667,16542,6,False,18,3,2,1,9,6,3,5,1,1,2
30,0,634,1,17,4,2,2,0,95,3,3,5,1,1,11916,25927,2,True,23,4,4,2,9,2,3,9,1,0,8
31,1,1125,0,7,4,3,1,0,68,3,3,0,1,1,9637,8277,3,False,14,3,4,2,9,3,3,3,2,2,2
32,1,1318,0,10,4,3,4,1,79,3,2,0,4,0,4648,26075,9,False,13,3,3,0,4,2,4,0,0,0,0
32,0,374,1,25,4,0,1,1,87,3,1,2,4,0,2795,18016,2,True,24,4,3,0,1,2,1,1,0,0,1
39,1,672,1,7,2,2,3,1,54,2,5,5,4,1,19272,21141,2,False,15,3,1,1,21,2,3,21,9,13,3
28,0,103,1,24,3,0,3,1,50,2,1,2,3,0,2028,12947,6,True,14,3,2,0,6,4,3,4,2,0,3
34,0,167,1,8,5,0,2,0,32,3,2,3,1,2,5121,4187,4,False,14,3,3,1,7,3,3,0,0,0,0
26,1,1096,1,6,3,1,3,1,61,4,1,2,4,1,2544,7102,1,False,18,3,1,1,8,3,3,7,7,7,7
27,1,294,1,10,2,0,4,1,32,3,3,3,1,2,8793,4809,2,False,21,4,3,2,9,4,2,9,7,1,7
53,1,124,0,2,3,3,3,0,38,2,3,0,2,1,7525,23537,3,False,12,3,1,1,30,2,3,15,7,6,12
54,0,376,1,19,4,2,4,0,95,3,2,3,1,2,5485,22670,10,True,11,3,2,2,9,4,3,5,3,1,4
47,0,1225,0,2,4,0,2,0,47,4,4,5,2,2,15972,21086,7,False,14,3,3,3,29,2,3,3,2,1,2
33,1,1392,1,3,4,0,4,0,56,3,1,1,3,1,2909,23159,2,True,11,3,3,0,8,3,3,8,7,3,0
35,0,185,1,23,4,2,2,1,91,1,1,2,3,1,2705,9696,1,False,16,3,2,1,6,2,4,5,4,0,3
29,0,1396,0,10,3,0,3,1,99,3,1,6,3,0,2642,2755,2,False,11,3,3,0,1,6,3,1,0,0,0
33,1,1111,0,5,1,0,2,1,61,3,2,0,4,1,9998,19293,7,False,13,3,1,0,8,2,4,5,4,1,2
39,0,722,0,24,1,3,2,0,60,2,4,0,4,1,12031,8828,1,False,11,3,1,1,21,2,2,20,9,9,6
38,0,201,1,10,3,2,2,0,99,1,3,7,3,1,13206,3376,4,False,12,3,1,1,20,3,3,18,16,1,11
39,0,1253,1,10,1,2,3,1,65,3,3,7,3,0,13464,7914,8,False,21,4,3,0,9,3,3,4,3,2,2
38,0,1180,1,29,1,2,2,1,70,3,2,4,1,1,6673,11354,8,True,19,3,2,0,17,2,3,1,0,0,0
56,0,1369,1,23,3,0,4,1,68,3,4,3,2,1,13402,18235,5,True,12,3,1,1,33,0,3,19,16,15,9
46,0,488,0,2,3,4,3,0,75,1,4,5,2,1,16872,14977,4,True,12,3,2,1,28,2,2,7,7,7,7
37,0,571,1,10,1,0,4,0,82,3,1,1,1,2,2782,19905,1,True,13,3,2,2,6,3,2,5,3,4,3
41,0,314,2,1,3,5,4,1,59,2,5,5,3,1,19189,19562,2,False,12,3,2,1,22,3,3,22,7,2,10
42,0,691,0,8,4,3,3,1,48,3,2,0,2,1,6825,21173,1,False,11,3,4,1,10,2,3,9,7,4,2
27,1,1337,2,22,3,5,1,0,58,2,1,8,2,1,2863,19555,2,False,12,3,1,0,1,2,3,1,0,0,0
29,0,1252,1,23,2,0,3,1,81,4,1,1,3,1,2700,23779,2,False,24,4,3,1,10,3,3,10,7,0,7
28,2,1103,1,16,3,2,3,1,49,3,1,1,3,0,2144,2122,2,False,14,3,3,0,5,3,2,5,3,1,4
41,2,552,2,4,3,5,3,1,60,1,2,8,2,1,6430,20794,7,False,19,3,2,1,10,4,3,3,2,1,2
55,2,177,1,8,1,2,4,1,37,2,4,4,2,2,13577,25592,2,True,15,3,4,1,34,3,3,33,9,15,0
32,0,1093,0,6,4,2,2,1,87,3,2,0,3,0,5010,24301,2,False,16,3,1,0,12,0,3,11,8,5,7
52,2,771,0,2,4,0,1,1,79,2,5,5,3,0,19068,21030,2,True,18,3,4,0,33,2,4,33,7,15,12
24,1,535,0,24,3,2,4,1,38,3,1,6,4,1,2400,5530,1,False,13,3,3,2,3,3,3,2,2,2,1
36,0,796,1,12,5,2,4,0,51,2,3,3,4,0,8858,15669,1,False,11,3,2,0,15,2,2,14,8,7,8
44,0,935,1,3,3,0,1,1,89,3,1,2,1,1,2362,14669,5,False,12,3,3,0,10,4,4,3,2,1,2
38,0,1035,0,3,4,0,2,1,42,3,2,0,4,0,6861,4981,9,True,12,3,3,0,19,1,3,1,0,0,0
29,0,318,1,8,4,1,2,1,77,1,1,2,1,1,2119,4759,2,True,11,3,4,0,7,4,2,7,7,0,7
42,0,1059,1,9,2,1,4,1,93,2,5,5,4,0,19613,26362,9,False,22,4,4,0,24,2,3,1,0,0,1
19,0,645,1,9,2,0,3,1,54,3,1,1,1,0,2552,7172,2,False,25,4,3,0,1,4,3,1,1,0,0
28,0,950,1,3,3,2,4,0,93,3,3,3,2,2,7655,8039,1,False,17,3,2,3,10,3,2,9,7,1,7
31,1,703,0,2,3,0,3,0,90,2,1,6,4,0,2785,11882,8,False,14,3,3,0,3,3,4,1,0,0,0
35,1,662,0,18,4,3,4,0,67,3,2,0,3,1,4614,23288,1,True,18,3,3,1,5,0,2,4,2,3,2
33,0,213,1,7,3,2,3,1,49,3,3,7,3,1,11691,25995,1,False,11,3,4,0,14,3,4,13,9,3,7
38,0,702,0,1,4,0,1,0,59,2,2,0,4,0,8686,12930,5,False,22,4,3,0,12,2,4,8,3,0,7
32,0,1259,1,2,4,0,4,1,95,3,1,2,2,0,1393,24852,2,False,12,3,1,0,1,2,3,1,0,0,0
34,0,216,0,1,4,3,2,1,75,4,2,0,4,2,9725,12278,1,False,11,3,4,1,16,2,2,15,1,0,9
30,0,1358,1,24,1,0,4,1,67,3,1,2,3,2,2693,13335,2,False,22,4,2,1,1,2,3,1,0,0,0
29,0,598,1,9,3,0,3,1,91,4,1,1,3,1,2451,22376,7,False,18,3,1,2,5,2,2,1,0,0,0
30,0,1082,0,12,3,4,2,0,83,3,2,0,3,0,6577,19558,1,False,11,3,2,0,6,6,3,5,4,4,4
41,1,1018,0,1,3,3,3,0,66,3,2,0,1,2,4103,4297,1,False,17,3,4,1,10,2,3,9,3,1,7
26,0,1443,0,23,3,3,3,0,47,2,2,0,4,1,4157,21436,8,True,19,3,3,1,5,2,2,2,2,0,0
49,0,1418,1,1,3,4,3,0,36,3,1,1,1,1,3580,10554,3,False,16,3,2,1,7,2,3,4,2,0,2
37,1,504,1,10,3,2,1,1,61,3,3,3,3,2,10048,22573,7,False,11,3,2,2,17,5,3,1,0,0,0
29,0,408,0,23,1,0,4,0,45,2,3,0,1,1,7336,11162,2,False,13,3,1,1,11,3,1,11,8,3,10
31,0,182,1,8,5,0,1,0,93,3,4,7,2,0,16422,8847,4,False,11,3,3,0,9,3,4,3,2,1,0
55,0,436,0,2,1,2,3,1,37,3,2,0,4,0,5160,21519,5,False,16,3,3,0,12,3,2,9,7,7,3
30,0,1339,0,5,3,0,2,0,41,3,3,0,4,1,9419,8053,3,False,12,3,3,1,12,2,3,10,9,7,4
42,0,916,1,17,2,0,4,0,82,4,2,1,1,0,6545,23016,4,True,13,3,3,0,10,1,3,3,2,0,2
32,2,1200,1,1,4,4,4,1,62,3,2,1,1,1,4087,25174,5,False,14,3,2,1,9,3,2,6,5,1,2
29,0,1176,0,3,2,2,2,0,62,3,2,0,3,1,5561,3487,2,False,14,3,1,1,6,5,2,6,0,1,2
42,0,1332,1,2,4,1,1,1,98,2,2,4,4,0,6781,17078,4,False,23,4,2,0,14,6,3,1,0,0,0
31,0,1222,1,11,4,0,4,1,48,3,1,1,4,1,2356,14871,4,True,19,3,2,1,8,2,3,6,4,0,2
35,0,528,2,8,4,4,3,1,100,3,1,8,3,0,4323,7108,2,False,17,3,2,0,6,2,1,5,4,1,4
40,0,611,0,7,4,2,2,1,88,3,5,5,2,0,19833,4349,2,False,14,3,2,0,21,3,2,21,8,12,8
32,0,529,1,2,3,4,4,1,78,3,1,1,1,0,2439,11288,2,False,14,3,4,0,4,4,3,4,2,1,2
37,0,482,1,3,3,1,3,1,36,3,3,3,3,1,9434,9606,2,False,15,3,3,1,10,2,3,10,7,7,8
32,1,430,1,24,4,0,1,1,80,3,2,2,4,1,5309,21146,2,False,15,3,4,2,10,2,3,10,8,4,7
53,0,1070,1,3,4,2,3,1,45,3,4,7,3,1,17584,21016,4,True,16,3,4,3,21,5,2,5,3,1,3
35,0,619,0,1,3,3,2,1,85,3,2,0,3,1,4717,18659,10,False,11,3,3,0,15,2,3,11,9,6,9
42,0,1210,1,2,3,2,3,1,68,2,1,2,2,1,4841,24052,5,False,14,3,2,1,4,3,3,1,0,0,0
38,0,168,1,1,3,0,3,0,81,3,3,3,3,0,7861,15397,5,True,14,3,4,0,10,4,4,1,0,0,0
31,0,1232,1,7,4,2,3,0,39,3,3,3,4,0,7143,25713,2,True,14,3,3,0,11,2,2,11,9,4,10
54,0,821,1,5,2,2,1,1,86,3,5,7,1,1,19406,8509,5,False,11,3,3,1,24,4,2,4,2,1,2
34,1,303,0,2,4,3,3,0,75,3,1,6,3,1,2231,11314,7,False,18,3,4,1,6,3,3,4,3,1,2
37,0,1439,1,4,1,0,3,1,54,3,1,1,3,1,2996,5182,8,True,15,3,4,0,8,2,3,6,4,1,3
20,0,1141,0,2,3,2,3,0,31,3,1,6,3,0,2783,13251,2,False,19,3,1,0,2,3,3,2,2,2,2
47,1,1309,0,4,1,2,2,1,99,3,2,6,3,0,2976,25751,4,False,19,3,1,0,5,3,3,0,0,0,0
31,1,793,0,20,3,0,3,1,67,4,1,6,4,1,2791,21981,1,False,12,3,1,1,3,4,3,2,2,2,2
31,0,359,2,18,5,5,4,1,89,4,1,8,1,1,2956,21495,1,False,17,3,3,0,2,4,3,1,0,0,0
28,0,736,0,26,3,0,3,1,48,2,2,0,1,1,4724,24232,2,False,11,3,3,1,5,0,3,5,3,0,4
45,2,336,0,26,3,3,1,1,52,2,2,0,1,1,4385,24162,2,False,15,3,1,1,10,2,3,10,7,4,5
27,0,1302,1,19,3,1,4,1,67,2,1,2,1,2,4066,16290,2,False,11,3,1,2,7,3,3,7,7,0,7
28,2,1366,1,24,2,4,2,1,72,2,3,4,1,0,8722,12355,2,False,12,3,1,0,10,2,2,10,7,1,9
29,0,1082,1,9,4,2,4,0,43,3,1,2,3,1,2974,25412,10,False,17,3,3,1,9,2,3,5,3,1,2
41,0,483,1,6,3,2,4,1,95,2,2,3,2,0,6032,10110,7,True,15,3,4,0,8,3,3,5,4,1,2
39,0,1132,1,1,3,2,3,1,48,4,3,4,4,2,9613,10942,1,False,17,3,1,3,19,5,2,18,10,3,7
45,0,1234,0,11,2,0,4,0,90,3,4,5,4,1,17650,5404,4,False,13,3,2,1,26,4,4,9,3,1,1
41,0,1411,1,19,2,0,3,1,36,3,2,1,1,2,3072,19877,3,False,16,3,1,2,17,2,2,1,0,0,0
28,1,467,0,7,3,0,3,1,55,3,2,0,1,0,4898,11827,1,False,14,3,4,0,5,5,3,4,2,1,3
57,0,593,1,1,4,2,4,1,88,3,2,4,3,1,6755,2967,3,False,11,3,3,0,15,2,3,3,2,1,2
54,2,142,2,26,3,5,4,0,30,4,4,5,4,0,17328,13871,3,True,12,3,3,0,23,3,3,5,3,4,4
42,0,269,1,2,3,2,4,0,56,2,1,2,1,2,2593,8007,1,True,11,3,3,1,10,4,3,9,6,7,8
33,2,1283,0,2,3,3,4,0,62,3,2,0,2,0,5147,10697,9,False,15,3,4,0,13,2,2,11,7,1,7
31,0,1154,0,2,2,0,1,1,54,3,1,6,3,1,3067,6393,1,False,19,3,3,1,3,1,3,2,2,1,2
60,0,1179,0,16,4,3,1,1,84,3,2,0,1,0,5405,11924,9,False,14,3,4,0,10,1,3,2,2,2,2
50,0,989,1,7,2,2,2,0,43,2,5,7,3,2,18740,16701,6,True,12,3,4,1,29,2,2,27,3,13,8
29,0,1092,1,1,4,2,1,1,36,3,1,1,4,1,4787,26124,10,True,14,3,2,3,4,3,4,2,2,2,2
47,2,1169,1,14,4,4,3,1,64,3,2,1,2,1,5467,2125,9,False,18,3,3,1,16,4,4,8,7,1,7
53,0,868,0,8,3,3,1,1,73,3,4,0,4,1,11836,22789,6,False,14,3,3,1,28,3,3,2,0,2,2
52,2,585,0,29,4,0,1,1,40,3,1,6,4,2,3482,19788,3,False,15,3,2,2,16,3,2,9,8,0,0
38,0,433,2,1,3,5,3,1,37,4,1,8,3,1,2844,6004,2,False,13,3,4,1,7,2,4,7,6,5,0
44,0,1376,2,1,2,2,2,1,91,2,3,8,1,1,10482,2326,10,False,14,3,4,1,24,1,3,20,6,3,6
26,0,390,1,17,4,2,4,1,62,1,1,2,3,1,2305,6217,2,False,15,3,3,3,3,3,4,3,2,0,2
28,0,1169,2,8,2,2,2,1,63,2,1,8,4,2,4936,23965,2,False,13,3,4,1,6,6,3,5,1,0,4
27,0,1354,1,2,4,4,2,1,41,3,1,1,2,1,2226,6073,2,False,11,3,3,1,6,3,2,5,3,1,2
55,0,111,0,1,2,0,1,1,70,3,3,0,4,1,10239,18092,4,False,14,3,4,1,24,4,3,1,0,1,0
35,0,660,0,7,1,0,4,1,76,3,1,6,3,1,2404,16192,2,False,13,3,1,1,1,3,3,1,0,0,0
35,0,303,0,27,3,0,3,1,84,3,2,0,4,0,5813,13492,2,True,18,3,4,0,10,2,3,10,7,7,7
41,0,1206,0,23,2,0,4,1,80,3,3,0,3,0,7082,11591,4,True,16,3,4,0,21,2,3,2,0,0,2
42,1,532,1,29,2,0,1,0,92,3,2,1,3,2,4556,12932,3,False,11,3,2,1,19,3,3,5,4,0,2
36,0,188,1,7,4,1,2,1,65,3,1,1,4,0,4678,23293,3,False,18,3,3,0,8,6,3,6,2,0,1
31,0,1062,1,24,3,2,3,0,96,2,2,4,1,0,6812,17198,2,False,19,3,2,0,10,2,3,10,9,1,8
27,1,1131,1,15,3,0,4,0,77,2,1,1,1,1,4774,23844,1,False,19,3,4,1,8,2,2,7,6,7,3
30,0,413,0,7,1,3,4,1,57,3,1,6,2,0,2983,18398,1,False,14,3,1,0,4,3,3,3,2,1,2
21,0,1334,1,10,3,0,3,0,36,2,1,2,1,0,1416,17258,2,False,13,3,1,0,1,6,2,1,0,1,0
31,0,106,2,2,3,5,1,1,62,2,2,8,1,1,6410,17822,4,False,12,3,4,0,9,1,3,2,2,1,0
47,2,1162,1,1,1,2,3,0,98,3,3,7,2,1,11957,17231,1,False,18,3,1,2,14,3,1,13,8,5,12
30,0,979,0,15,2,3,3,1,94,2,3,0,1,2,7140,3088,3,False,11,3,1,1,12,2,3,7,7,1,7
43,1,422,1,1,3,0,4,0,33,3,2,4,4,1,5562,21782,5,False,13,3,2,1,12,2,2,5,2,2,2
36,2,1105,1,24,4,0,2,0,47,3,2,2,2,1,5674,6927,8,False,15,3,3,1,11,3,3,9,8,0,8
36,0,922,1,3,2,0,1,0,39,3,1,2,4,2,2835,2561,6,False,22,4,1,1,7,2,3,1,0,0,0
37,0,799,1,1,3,4,2,0,59,3,3,3,4,0,7491,23848,5,False,17,3,4,0,12,3,4,6,5,1,2
42,1,555,0,26,3,3,3,0,77,3,4,0,2,1,13525,14864,6,False,14,3,4,1,23,2,4,20,4,4,8
36,2,1351,1,9,4,0,1,1,66,4,1,2,2,1,2810,9238,2,False,22,4,2,0,5,3,3,5,4,0,2
40,0,905,1,19,2,2,3,1,99,3,2,2,4,1,2741,16523,9,True,15,3,3,1,15,2,4,7,2,3,7
46,0,945,2,5,2,2,2,1,80,3,2,8,2,2,5021,10425,9,True,22,4,4,1,16,2,3,4,2,0,2
48,0,626,1,1,2,0,1,1,98,2,3,2,3,0,5381,19294,10,True,13,3,4,0,23,2,3,1,0,0,0
26,0,471,1,24,3,4,3,1,66,1,1,2,4,0,2340,23213,2,True,18,3,2,0,1,3,1,1,0,0,0
26,1,575,1,1,2,0,1,0,71,1,1,2,4,2,4364,5288,4,False,14,3,1,1,5,2,3,2,2,2,0
53,0,1219,0,2,4,0,1,0,78,2,4,5,4,1,15427,22021,3,False,16,3,3,0,31,3,3,25,8,3,7
46,2,849,0,26,2,0,2,1,98,2,2,0,2,0,7991,25166,9,False,15,3,3,0,6,3,3,2,2,2,2
35,0,464,1,4,2,1,3,1,75,3,1,2,4,2,1951,10910,2,False,12,3,3,1,1,3,3,1,0,0,0
28,0,1404,1,17,3,4,3,1,32,2,1,2,4,2,2367,18779,6,False,12,3,1,1,6,2,2,4,1,0,3
43,1,1422,0,2,4,0,1,1,92,3,2,0,4,1,5675,19246,2,False,20,4,3,1,7,5,3,7,7,7,7
25,0,688,1,3,3,2,1,1,91,3,1,2,1,1,4031,9396,6,False,13,3,3,1,6,5,3,2,2,0,2
49,0,1490,1,7,4,0,3,1,35,3,3,4,2,2,10466,20948,4,False,14,3,2,2,29,3,3,8,7,0,7
34,1,878,1,10,4,2,4,1,43,3,1,1,3,2,3815,5972,2,True,17,3,4,1,5,4,4,5,3,2,0
34,0,829,2,3,2,5,3,1,88,3,1,8,4,1,3737,2243,1,False,19,3,3,1,4,1,1,3,2,0,2
30,0,1288,0,29,4,4,3,1,33,3,3,0,2,1,9250,17799,4,False,12,3,2,1,9,3,3,4,2,1,3
26,0,572,0,10,3,2,3,1,46,3,2,0,4,0,4684,9125,2,False,13,3,1,0,5,4,3,5,3,1,2
31,1,754,0,26,4,3,1,1,63,3,2,0,4,1,5617,21075,2,True,11,3,3,0,10,4,3,10,7,0,8
31,0,329,1,1,2,0,4,1,98,2,1,2,1,1,2218,16193,2,False,12,3,3,1,4,3,3,4,2,3,2
37,0,558,0,2,3,3,4,1,75,3,2,0,3,1,9602,3010,5,True,11,3,3,1,17,3,2,3,0,1,0
54,0,1217,1,2,4,4,1,0,60,3,3,7,3,1,13549,24001,10,False,12,3,1,1,16,5,1,4,3,0,3
47,0,1001,1,4,3,0,3,0,92,2,3,3,2,2,10333,19271,9,True,12,3,3,1,28,4,3,22,11,14,10
37,0,674,1,13,3,2,1,1,47,3,2,1,4,1,4285,3031,2,False,17,3,1,0,10,2,3,10,8,3,7
34,1,234,1,9,4,0,4,1,93,3,2,2,1,1,5346,6208,5,False,17,3,3,1,11,3,2,7,1,0,7
50,0,691,1,2,3,2,3,1,64,3,4,7,3,1,17639,6881,6,False,16,3,4,0,30,3,3,4,3,0,3
40,1,902,1,26,2,2,3,0,92,2,2,1,4,1,4422,21203,4,True,13,3,4,1,16,3,1,1,1,0,0
47,0,1176,2,26,4,0,4,0,98,3,5,5,3,1,19658,5220,4,False,11,3,3,1,27,2,3,5,2,1,0
32,0,929,0,10,3,3,4,1,55,3,2,0,4,0,5396,21703,2,False,12,3,4,0,10,2,2,10,7,0,8
42,0,544,2,2,1,4,3,1,52,3,1,8,3,2,2696,24017,1,True,11,3,3,1,4,5,3,3,2,1,0
32,0,1018,1,2,4,2,1,0,74,4,2,1,4,0,5055,10557,8,False,16,3,3,0,10,0,2,7,7,0,7
31,2,697,1,10,3,2,3,0,40,3,3,7,3,1,11031,26862,5,False,20,4,3,1,13,2,4,11,7,4,8
32,2,1474,0,11,4,1,4,1,60,4,2,0,3,1,4707,23914,9,False,12,3,4,0,6,2,3,4,2,1,2
33,0,1075,2,3,2,5,4,1,57,3,1,8,2,2,2277,22650,4,True,11,3,3,1,7,4,4,4,3,0,3
37,0,342,0,16,4,3,4,1,66,2,2,0,3,2,6334,24558,5,False,19,3,4,2,9,2,3,1,0,0,0
31,0,525,0,6,4,2,1,1,66,4,2,0,4,2,5460,6219,5,False,22,4,4,2,13,4,4,7,7,5,7
36,1,1302,1,6,4,0,1,1,80,4,2,2,1,1,5562,19711,4,True,13,3,4,1,9,3,3,3,2,0,2
31,0,140,1,12,1,2,3,0,95,3,1,1,4,1,3929,6984,9,True,23,4,3,1,7,0,3,4,2,0,2
46,0,1254,0,10,3,0,3,0,64,3,3,0,2,1,7314,14011,6,False,21,4,3,3,14,2,3,8,7,0,7
31,0,196,0,29,4,3,1,0,91,2,2,0,4,1,5468,13402,2,False,14,3,1,2,13,3,3,12,7,5,7
41,0,645,0,1,3,3,2,1,49,4,3,0,1,1,8392,19566,2,False,16,3,3,1,10,2,3,10,7,0,7
49,0,1184,0,11,3,3,3,0,43,3,3,0,4,1,7654,5860,2,False,18,3,1,2,9,3,4,9,8,7,7
40,0,523,1,2,3,0,3,1,98,3,2,1,4,0,4661,22455,2,False,13,3,3,0,9,4,3,9,8,8,8
34,0,511,0,3,2,0,4,0,32,1,2,0,4,0,6029,25353,6,False,12,3,1,0,6,3,3,2,2,2,2
30,0,1275,1,28,2,2,4,0,64,3,2,1,4,1,5775,11934,2,False,13,3,4,2,11,2,3,10,8,1,9
37,0,1373,1,2,2,1,4,1,92,2,1,2,3,0,2090,2396,7,True,15,3,2,0,7,3,3,0,0,0,0
41,0,642,1,1,3,0,4,1,76,3,1,1,4,1,2782,21412,4,False,22,4,1,1,12,3,3,5,3,1,0
37,0,1305,1,10,4,0,3,1,49,3,2,3,2,0,4197,21123,3,True,12,3,4,0,18,2,2,1,0,0,1
54,0,431,1,7,4,2,4,0,68,3,2,1,4,1,6854,15696,5,False,15,3,2,1,14,2,2,7,1,1,7
50,0,854,0,1,4,2,4,0,68,3,5,5,4,2,19517,24118,4,False,11,3,3,1,32,3,2,7,0,0,6
34,0,546,1,10,3,0,2,1,83,3,1,2,2,2,2008,6896,2,False,14,3,2,2,1,3,3,1,0,1,0
52,0,956,1,6,2,4,4,1,78,3,2,1,1,2,5577,22087,4,True,12,3,2,2,18,3,3,10,9,6,9
32,0,1045,0,4,4,2,4,1,32,1,3,0,4,1,10400,25812,2,False,11,3,3,0,14,2,2,14,8,9,8
55,0,1229,1,4,4,0,4,1,30,3,2,4,3,1,4035,16143,1,True,16,3,2,0,4,2,3,3,2,1,2
29,0,144,0,10,1,3,4,0,39,2,2,0,2,2,8268,11866,2,True,14,3,1,2,7,2,3,7,7,1,7
29,0,906,1,10,3,0,4,0,92,2,1,1,1,0,2404,11479,7,True,20,4,3,0,3,5,3,0,0,0,0
45,0,538,1,1,4,4,1,1,66,3,3,4,2,2,7441,20933,2,False,12,3,1,3,10,4,3,10,8,7,7
53,0,1376,0,2,2,2,3,1,45,3,4,5,3,2,14852,13938,7,False,13,3,3,1,22,3,4,17,13,15,2
26,1,1283,0,1,3,2,3,1,52,2,2,0,1,0,4294,11148,2,False,12,3,2,0,7,2,3,7,7,0,7
30,0,1334,0,4,2,2,3,0,63,2,2,0,2,2,5209,19760,2,True,12,3,2,3,11,4,2,11,8,2,7
37,1,889,1,9,3,2,2,1,53,3,1,1,4,1,2326,11411,2,True,12,3,3,3,4,3,2,4,2,1,2
32,2,862,0,2,1,0,3,0,76,3,1,6,1,2,2827,14947,2,False,12,3,3,3,1,3,3,1,0,0,0
27,0,511,0,2,2,2,1,0,89,4,2,0,3,0,6500,26997,1,False,14,3,2,0,9,5,2,8,7,0,7
36,2,217,1,18,4,0,1,1,78,3,2,3,4,0,7779,23238,3,False,20,4,1,0,18,0,3,11,9,0,9
40,0,676,1,9,4,0,4,1,86,3,1,2,1,0,2018,21831,4,False,14,3,2,0,15,3,1,5,4,1,0
31,0,326,0,8,2,0,1,1,31,3,3,0,4,2,10793,8386,2,False,18,3,1,1,13,5,3,13,7,9,9
36,2,427,1,8,3,0,1,0,63,4,3,7,1,1,11713,20335,10,False,14,3,1,1,10,2,3,8,7,0,5
44,2,489,1,23,3,2,2,1,67,3,2,2,2,1,2042,25043,5,False,12,3,3,1,17,3,4,3,2,1,2
29,0,942,1,15,1,0,2,0,69,1,1,1,4,1,2168,26933,1,True,18,3,1,1,6,2,2,5,4,1,3
33,1,515,1,1,2,0,1,0,98,3,3,7,4,0,13458,15146,2,True,12,3,3,0,15,1,3,15,14,8,12
30,0,1465,1,1,3,2,4,1,63,3,1,1,2,1,3579,9369,1,True,21,4,1,1,12,2,3,11,9,5,7
31,1,874,1,15,3,2,3,1,72,3,1,2,3,1,2610,6233,2,False,12,3,3,1,2,5,2,2,2,2,2
40,1,1184,0,2,4,2,2,1,62,3,2,0,2,1,4327,25440,6,False,12,3,4,3,5,2,3,0,0,0,0
54,0,155,1,9,2,0,1,0,67,3,2,1,3,1,2897,22474,4,False,11,3,3,2,9,6,2,4,3,2,3
35,0,662,0,1,5,3,3,1,94,3,3,0,2,1,7295,11439,2,False,13,3,1,2,10,3,3,10,8,0,6
41,2,906,1,5,2,0,1,1,95,2,1,1,1,2,2107,20293,7,False,17,3,1,1,5,2,1,1,0,0,0
36,1,1213,2,2,1,5,2,1,94,2,2,8,4,0,3886,4223,2,False,21,4,4,0,10,2,2,10,1,0,8
26,0,583,1,4,2,0,3,1,53,3,1,1,4,0,2875,9973,2,True,20,4,2,0,8,2,2,8,5,2,2
35,1,664,1,1,3,2,2,1,79,3,1,1,1,1,2194,5868,5,False,13,3,4,1,5,2,2,3,2,1,2
32,0,1089,1,7,2,0,4,1,79,3,2,2,3,1,4883,22845,2,False,18,3,1,1,10,3,3,10,4,1,1
21,2,895,0,9,2,2,1,1,39,3,1,6,4,0,2610,2851,2,False,24,4,3,0,3,3,2,3,2,2,2
30,1,1012,1,5,4,0,2,1,75,2,1,1,4,2,3761,2373,10,False,12,3,2,1,10,3,2,5,4,0,3
36,0,1157,0,2,4,0,3,1,70,3,1,6,4,0,2644,17001,4,True,21,4,4,0,7,3,2,3,2,1,2
30,0,570,0,5,3,3,4,0,30,2,2,0,3,2,6118,5431,2,False,13,3,3,3,10,2,3,10,9,1,2
48,0,277,1,6,3,0,1,1,97,2,2,4,3,0,4240,13119,3,False,13,3,4,0,19,0,3,2,2,2,2
40,0,1416,1,2,2,2,1,1,49,3,5,7,3,2,19436,5949,1,False,19,3,4,1,22,5,3,21,7,3,9
31,0,1112,0,5,4,0,1,0,67,3,2,0,4,1,5476,22589,2,False,11,3,1,2,10,2,3,10,0,0,2
22,0,534,1,15,3,2,2,0,59,3,1,2,4,0,2871,23785,2,False,15,3,3,0,1,5,3,0,0,0,0
30,2,111,1,9,3,2,3,1,66,3,2,2,1,2,3072,11012,2,False,11,3,3,2,12,4,3,12,9,6,10
52,0,1323,1,2,3,0,3,0,89,2,1,2,4,0,3212,3300,8,False,15,3,2,0,6,3,2,2,2,2,2
58,0,147,1,23,4,2,4,0,94,3,3,4,4,1,10312,3465,2,False,12,3,4,1,40,3,2,40,10,15,6
19,0,528,0,22,1,3,4,1,50,3,1,6,3,0,1675,26820,2,True,19,3,4,0,0,2,2,0,0,0,0
35,0,384,0,8,4,0,1,0,72,3,1,6,4,1,2572,20317,2,False,16,3,2,1,3,1,2,3,2,0,2
30,0,330,2,1,3,0,3,1,46,3,1,8,3,2,2064,15428,1,False,21,4,1,1,6,3,4,5,3,1,3
50,0,264,0,9,3,3,3,1,59,3,5,5,3,1,19331,19519,5,True,16,3,3,1,27,2,3,1,0,0,0
39,2,1251,0,21,4,0,1,0,32,1,2,0,3,1,5736,3987,7,False,19,3,3,1,10,1,3,3,2,1,2
50,1,878,0,1,4,0,2,1,94,3,2,0,3,2,6728,14255,8,False,12,3,4,2,12,3,3,6,3,0,1
33,0,832,1,5,4,0,3,0,63,2,1,1,4,1,2911,14776,2,False,13,3,3,1,2,2,2,2,2,0,2
32,0,498,1,3,4,2,3,0,93,3,2,3,1,1,6725,13554,2,False,12,3,3,1,8,2,4,8,7,6,3
35,0,1146,2,26,4,0,3,0,31,3,3,8,4,0,8837,16642,2,True,16,3,3,0,9,2,3,9,0,1,7
29,0,153,1,15,2,0,4,0,49,2,2,2,3,0,4193,12682,1,True,12,3,4,0,10,3,3,9,5,0,8
45,1,1297,1,1,4,2,2,1,44,3,2,4,3,0,5399,14511,5,False,12,3,3,0,12,3,3,4,2,0,3
51,0,1318,0,26,4,3,1,0,66,3,4,5,3,1,16307,5594,3,False,14,3,3,1,29,2,2,20,6,4,17
19,0,489,2,2,2,4,1,1,52,2,1,8,4,0,2564,18437,2,False,12,3,3,0,1,3,4,1,0,0,0
40,0,543,1,1,4,0,1,1,83,3,1,2,4,1,2406,4060,9,False,19,3,3,2,8,3,2,1,0,0,0
19,1,602,0,1,1,4,3,0,100,1,1,6,1,0,2325,20989,1,False,21,4,1,0,1,5,4,0,0,0,0
27,0,1167,1,4,2,0,1,1,76,3,1,1,3,2,2517,3208,2,False,11,3,2,3,5,2,3,5,3,0,3
27,0,135,1,17,4,0,4,0,51,3,1,1,3,0,2394,25681,2,True,13,3,4,0,8,2,3,8,2,7,7
40,0,1137,1,1,4,0,1,1,98,3,4,5,1,2,16823,18991,3,False,11,3,1,1,22,3,3,19,7,11,16
45,2,1052,0,6,3,2,4,0,57,2,3,0,4,0,8865,16840,7,False,12,3,4,0,23,2,3,19,7,12,8
44,0,986,1,8,4,0,1,1,62,4,1,2,4,1,2818,5044,3,True,24,4,3,1,10,2,2,3,2,0,2
36,1,1195,1,11,3,0,2,1,95,2,2,3,2,0,6499,22656,2,False,13,3,3,0,6,3,3,6,5,0,3
34,0,182,1,1,4,0,2,0,72,4,1,1,4,0,3280,13551,3,False,16,3,3,0,10,2,3,4,2,1,3
31,0,249,0,6,4,0,2,1,76,1,2,0,3,1,6172,20739,5,True,18,3,2,0,12,3,2,7,7,7,7
34,0,1157,1,5,2,2,2,1,57,2,2,2,4,1,3986,11912,2,False,14,3,3,1,15,3,4,15,10,4,13
35,0,1224,0,7,4,0,3,0,55,3,2,0,4,1,5204,13586,2,True,11,3,4,0,10,2,3,10,8,0,9
38,0,437,0,16,3,0,2,0,90,3,2,0,2,0,4198,16379,3,False,12,3,2,0,8,5,4,3,2,1,2
33,1,508,0,10,3,3,2,1,46,2,2,0,4,0,4682,4317,4,False,14,3,3,0,9,6,2,7,7,0,1
39,0,867,1,9,2,2,1,1,87,3,2,3,1,1,5151,12315,2,False,25,4,4,1,10,3,3,10,0,7,9
25,0,180,1,2,1,2,1,1,65,4,1,1,1,0,3424,21632,8,False,13,3,3,0,6,3,2,4,3,0,1
56,0,1162,1,24,2,0,1,1,97,3,1,2,4,0,2587,10261,2,False,16,3,4,0,5,3,3,4,2,1,0
40,0,299,0,25,4,3,4,1,57,2,3,0,2,0,9094,17235,3,True,12,3,3,0,9,2,3,5,4,1,0
58,0,605,0,21,3,0,4,0,72,3,4,5,4,1,17875,11761,5,True,13,3,3,1,29,2,2,1,0,0,0
40,0,300,0,26,3,3,3,1,74,3,2,0,1,1,8396,22217,2,False,14,3,2,1,8,3,2,7,7,7,5
45,0,374,0,20,3,0,4,0,50,3,2,0,3,0,4850,23333,9,False,15,3,3,0,8,3,3,5,3,0,1
52,2,715,1,19,4,2,4,1,41,3,1,1,4,1,4258,26589,1,False,18,3,1,1,5,3,3,4,3,1,2
45,0,252,1,1,3,1,3,1,70,4,5,5,4,1,19202,15970,1,False,11,3,3,1,25,2,3,24,0,1,7
35,0,1315,1,22,3,0,2,0,71,4,3,5,2,2,11996,19100,8,False,18,3,2,1,10,6,2,7,7,6,2
22,1,1368,1,4,1,4,3,1,99,2,1,2,3,0,3894,9129,6,False,16,3,3,0,4,3,3,2,2,1,2
23,1,638,0,9,3,3,4,1,33,3,1,6,1,1,1790,26956,2,False,19,3,1,1,1,3,2,1,0,1,0
29,0,1328,1,2,3,0,3,1,76,3,1,1,2,1,2703,4956,1,False,23,4,4,1,6,3,3,5,4,0,4
39,2,792,1,1,3,0,4,1,77,3,2,2,4,1,6472,8989,2,True,15,3,4,1,9,2,3,9,8,5,8
43,0,1273,1,2,2,2,4,0,72,4,1,1,3,2,2645,21923,2,False,12,3,4,2,6,3,2,5,3,1,4
40,0,658,0,10,4,3,1,1,67,2,3,0,2,2,9705,20652,3,False,12,3,2,1,11,2,2,1,0,0,0
28,0,1179,1,19,4,2,4,1,78,2,1,2,1,1,3196,12449,2,False,12,3,3,3,6,2,3,6,5,3,3
29,2,1496,1,1,1,4,4,1,41,3,2,3,3,1,4319,26283,2,False,13,3,1,1,10,1,3,10,7,0,9
28,0,1423,1,1,3,0,1,1,72,2,1,1,3,2,1563,12530,2,False,14,3,4,1,1,2,1,1,0,0,0
34,0,971,0,1,3,4,4,1,64,2,3,0,3,1,7083,12288,2,True,14,3,4,0,10,3,3,10,9,8,6
28,0,1434,1,5,4,4,3,1,50,3,1,2,3,0,3441,11179,2,True,13,3,3,0,2,3,2,2,2,2,2
32,0,801,0,1,4,3,3,0,48,3,3,0,4,1,10422,24032,2,False,19,3,3,2,14,3,3,14,10,5,7
35,0,817,1,1,3,2,4,0,60,2,2,2,4,1,5363,10846,1,False,12,3,2,1,10,0,3,9,7,0,0
42,0,1396,1,6,3,2,3,1,83,3,3,7,1,1,13348,14842,10,False,13,3,2,1,18,3,4,13,7,5,7
37,0,124,1,3,3,1,4,0,35,3,2,4,2,0,4107,13848,4,False,15,3,1,0,8,3,2,4,3,0,1
38,0,330,1,17,1,0,3,0,65,2,3,4,3,1,8823,24608,1,False,18,3,1,1,20,4,2,19,9,1,9
45,0,1268,0,4,2,0,3,0,30,3,2,0,1,2,5006,6319,5,True,11,3,1,1,9,3,4,5,4,0,3
40,0,302,1,6,3,0,2,0,75,3,4,3,3,0,13237,20364,8,False,15,3,3,0,22,3,3,20,6,5,13
36,0,329,0,16,4,3,3,0,98,2,2,0,1,1,5647,13494,5,False,13,3,1,2,11,3,2,3,2,0,2
49,0,722,1,25,4,0,3,0,84,3,1,2,1,1,3211,22102,2,False,14,3,4,1,10,3,2,9,6,1,4
35,0,776,0,1,4,3,3,1,32,2,2,0,1,0,4312,23016,1,False,14,3,2,0,16,2,3,15,13,2,8
40,0,369,1,8,2,0,2,0,92,3,2,3,1,1,6516,5041,3,True,16,3,2,1,18,3,3,1,0,0,0
35,1,1182,0,11,2,3,4,1,54,3,2,0,4,2,4968,18500,2,False,11,3,4,1,5,3,3,5,2,0,2
31,0,192,1,2,4,0,3,1,32,3,1,1,4,2,2695,7747,1,True,18,3,2,1,3,2,1,2,2,2,2
31,1,561,1,3,3,0,4,0,33,3,1,1,3,0,4084,4156,2,False,12,3,1,0,7,2,1,7,2,7,7
35,0,1017,1,6,4,0,2,1,82,1,2,1,4,0,6646,19368,2,False,13,3,2,0,17,3,3,17,11,11,8
31,0,670,1,26,1,0,1,1,31,3,1,1,3,2,2911,15170,2,False,17,3,4,1,5,1,2,5,2,4,3
41,0,427,2,10,4,5,2,1,73,2,5,5,4,2,19141,8861,4,False,15,3,2,3,23,2,2,21,6,12,6
42,0,532,1,4,2,4,3,1,58,3,5,5,4,1,19232,4933,2,False,11,3,4,0,22,3,3,22,17,11,15
48,1,365,1,4,5,2,3,1,89,2,4,5,4,1,15202,5602,3,False,25,4,2,1,23,3,3,2,2,2,2
21,0,337,0,7,1,3,2,1,31,3,1,6,2,0,2679,4567,2,False,13,3,2,0,1,3,3,1,0,1,0
26,0,775,0,29,2,2,1,1,45,3,2,0,3,2,4306,4267,6,False,12,3,1,2,8,5,3,0,0,0,0
27,0,1291,0,11,3,2,3,0,98,4,1,6,4,1,2534,6527,9,False,14,3,2,1,5,4,3,1,0,0,0
35,0,104,1,2,3,0,1,0,69,3,1,2,1,2,2074,26619,2,True,12,3,4,1,1,2,3,1,0,0,0
51,1,1150,1,8,4,0,1,1,53,1,3,3,4,0,10650,25150,3,False,15,3,4,0,18,2,3,4,2,0,3
44,0,1488,0,1,5,3,2,0,75,3,2,0,1,2,5454,4009,6,True,21,4,3,1,9,2,2,4,3,1,3
42,1,933,1,19,3,2,3,1,57,4,1,1,3,2,2759,20366,7,True,12,3,4,0,7,2,3,2,2,2,2
54,0,1147,0,3,3,3,4,0,52,3,2,0,1,1,5940,17011,3,False,14,3,4,1,16,4,3,6,2,0,5
43,0,930,1,6,3,2,1,0,73,2,2,1,3,0,4081,20003,2,True,14,3,1,0,20,3,1,20,7,1,8
22,0,1256,1,19,1,2,3,1,80,3,1,1,4,1,2323,11992,2,False,24,4,1,2,2,6,3,2,2,2,2
34,0,1397,1,1,5,0,2,1,42,3,1,1,4,1,2691,7660,2,False,12,3,4,1,10,4,2,10,9,8,8
27,0,798,1,6,4,2,1,0,66,2,1,1,3,2,2187,5013,1,False,12,3,3,2,6,5,2,5,3,0,3
23,0,373,1,1,2,0,4,1,47,3,1,1,3,1,1223,16901,2,False,22,4,4,1,1,2,3,1,0,0,1
32,0,638,1,8,2,2,3,0,91,4,2,1,3,1,5175,22162,6,False,12,3,3,1,9,3,2,5,3,1,3
37,0,1319,1,6,3,2,3,1,51,4,2,1,1,2,5974,17001,5,True,13,3,1,2,13,2,3,7,7,6,7
33,2,775,1,4,3,4,4,1,90,3,2,1,2,2,3055,6194,6,False,15,3,4,2,11,2,2,9,8,1,7
22,0,1136,1,5,3,0,4,1,60,4,1,1,2,2,2328,12392,2,True,16,3,1,1,4,2,2,4,2,2,2
34,1,618,1,3,1,0,1,1,45,3,2,4,4,0,7756,22266,1,False,17,3,3,0,7,1,2,6,2,0,4
29,0,590,1,4,3,4,4,0,91,2,1,1,1,2,2109,10007,2,False,13,3,3,1,1,2,3,1,0,0,0
31,2,587,0,2,4,0,4,0,57,3,3,0,3,2,9852,8935,2,True,19,3,1,1,10,5,2,10,8,9,6
55,0,452,1,1,3,2,4,1,81,3,5,5,1,0,19045,18938,1,True,14,3,3,0,37,2,3,36,10,4,13
38,0,1495,1,10,3,2,3,0,76,3,2,4,3,1,9824,22174,4,False,19,3,3,1,18,4,3,1,0,0,0
26,0,933,0,1,3,0,3,1,57,3,2,0,3,1,5296,20156,2,False,17,3,2,1,8,3,3,8,7,7,7
30,2,641,0,25,2,4,4,0,85,3,2,0,3,1,4736,6069,8,True,12,3,2,1,4,2,4,2,2,2,2
56,0,310,1,7,2,4,4,1,72,3,1,2,3,1,2339,3666,9,False,11,3,4,1,14,4,1,10,9,9,8
35,0,819,1,18,5,0,2,1,48,4,2,1,1,1,5208,26312,2,False,11,3,4,0,16,2,3,16,15,1,10
47,0,571,0,14,3,2,3,0,78,3,2,0,3,1,4591,24200,4,True,17,3,3,1,11,4,2,5,4,1,2
39,0,141,2,3,3,5,3,0,44,4,2,8,2,1,6389,18767,10,False,15,3,3,1,12,3,1,8,3,3,6
32,0,371,0,19,3,0,4,1,80,1,3,0,3,1,9610,3840,4,False,13,3,3,1,10,2,1,4,3,0,2
36,2,301,0,15,4,3,4,1,88,1,2,0,4,2,5406,10436,2,False,24,4,1,1,15,4,2,15,12,11,11
48,0,492,0,16,4,0,3,0,96,3,2,0,3,2,6439,13693,9,False,14,3,3,1,18,2,3,8,7,7,7
32,2,1184,1,1,3,0,3,0,70,2,1,2,2,1,2332,3974,7,False,20,4,3,0,5,3,3,3,0,0,2
54,1,966,1,1,4,0,4,0,53,3,3,3,3,2,10502,9659,8,False,17,3,1,1,33,2,1,5,4,1,4
50,0,1046,1,10,3,4,4,1,100,2,3,4,4,0,10496,2755,7,False,15,3,4,0,20,2,3,4,3,1,3
31,0,330,1,22,4,2,4,1,98,3,2,3,3,1,6179,21057,2,True,15,3,4,2,10,3,2,10,2,6,7
33,0,516,1,8,5,0,4,1,69,3,2,4,3,0,6388,22049,3,True,17,3,1,0,14,6,3,0,0,0,0
34,0,1442,1,9,3,2,4,0,46,2,3,4,2,0,8621,17654,2,False,14,3,2,0,9,3,4,8,7,7,7
34,0,181,1,2,4,2,4,1,97,4,1,1,4,1,2932,5586,1,True,14,3,1,3,6,3,3,5,0,1,2
25,0,1356,0,10,4,0,3,1,57,3,2,0,4,0,4950,20623,1,False,14,3,2,0,5,4,3,4,3,1,1
50,0,1207,1,28,1,2,4,1,74,4,1,2,3,1,3221,3297,2,True,11,3,3,3,20,3,3,20,8,3,8
45,1,1199,1,7,4,0,1,1,77,4,2,3,3,1,6434,5118,5,False,17,3,4,1,9,1,3,3,2,0,2
59,2,1420,2,2,4,5,3,0,32,2,5,5,4,1,18844,21922,10,False,21,4,4,1,30,3,3,3,2,2,2
50,0,1099,1,29,4,0,2,1,88,2,4,5,3,1,17046,9314,1,False,15,3,2,1,28,2,3,27,10,15,7
48,0,969,1,2,2,4,4,1,76,4,1,2,2,0,2559,16620,6,False,11,3,3,0,7,4,2,1,0,0,0
25,0,959,0,28,3,0,1,1,41,2,2,0,3,1,8639,24835,3,False,18,3,4,0,6,3,3,2,2,2,2
48,0,1224,1,10,3,0,4,1,91,2,5,7,2,1,19665,13583,5,False,12,3,4,0,29,3,3,22,10,12,9
59,0,1324,1,3,3,2,3,0,81,4,1,2,1,1,2670,9964,5,True,20,4,1,3,12,3,2,1,0,0,0
42,0,932,1,1,2,0,4,0,43,2,2,3,4,1,6062,4051,10,True,13,3,4,1,8,4,3,4,3,0,2
30,1,334,0,26,4,3,3,0,52,2,2,0,1,0,6696,22967,6,False,15,3,3,0,9,5,2,6,3,0,1
51,0,1178,0,14,2,0,3,0,87,3,2,0,4,1,4936,14862,5,False,11,3,3,1,18,2,2,7,7,0,7
44,0,1448,0,28,3,2,4,0,53,4,4,0,4,1,13320,11737,4,True,18,3,3,1,23,2,3,12,11,11,11
33,2,722,0,17,3,0,4,1,38,3,4,5,3,0,17444,20489,2,False,11,3,4,0,10,2,3,10,8,6,0
47,1,1093,0,9,3,0,3,1,82,1,4,0,3,1,12936,24164,8,False,11,3,3,0,25,3,1,23,5,14,10
36,1,541,0,3,4,2,1,1,48,2,3,0,4,1,9699,7246,5,False,11,3,1,1,16,2,3,13,9,1,12
36,0,938,1,2,4,2,3,1,79,3,1,2,3,0,2519,12287,5,False,21,4,3,0,16,6,3,11,8,3,9
33,0,1069,1,1,3,0,2,0,42,2,2,4,4,0,6949,12291,1,False,14,3,1,0,6,3,3,5,0,1,4
40,0,750,1,12,3,0,2,0,47,3,2,4,1,2,4448,10748,3,False,12,3,2,1,15,3,3,7,4,7,7
38,0,770,0,10,4,3,3,1,73,2,3,0,3,2,8740,5569,1,True,14,3,2,2,9,2,3,8,7,2,7
29,0,1370,1,3,1,2,2,1,87,3,1,2,1,0,4723,16213,2,True,18,3,4,0,10,3,3,10,9,1,5
44,1,602,2,1,5,5,1,1,37,3,2,8,4,1,5743,10503,5,True,11,3,3,0,14,3,3,10,7,0,2
35,0,802,1,10,3,1,2,1,45,3,1,2,4,2,3917,9541,2,False,20,4,1,1,3,4,2,3,2,1,2
26,0,950,0,4,4,3,4,1,48,2,2,0,4,0,5828,8450,2,True,12,3,2,0,8,0,3,8,7,7,4
38,1,1189,1,1,3,0,4,1,90,3,2,1,4,1,4735,9867,8,False,15,3,4,2,19,4,4,13,11,2,9
42,1,288,1,2,3,0,4,1,40,3,3,4,4,1,10124,18611,3,True,14,3,3,1,24,3,1,20,8,13,9
44,0,136,1,28,3,0,4,1,32,3,4,7,1,1,16328,22074,4,False,13,3,3,1,24,1,4,20,6,14,17
35,0,144,1,22,3,0,4,1,46,1,1,2,3,0,4230,19225,1,False,15,3,3,0,6,2,3,5,4,4,3
23,0,160,1,4,1,2,3,0,51,3,1,2,2,0,3295,12862,2,False,13,3,3,0,3,3,1,3,2,1,2
46,0,705,0,2,4,3,2,0,83,3,5,5,1,0,18947,22822,4,False,12,3,4,0,22,2,2,2,2,2,1
40,0,804,1,2,1,2,4,0,86,2,1,1,4,0,2342,22929,1,True,20,4,4,0,5,2,2,4,2,2,3
36,0,172,1,4,4,0,1,1,37,2,2,2,4,0,5810,22604,2,False,16,3,3,0,10,2,2,10,4,1,8
53,0,970,1,7,3,0,3,1,59,4,4,7,3,1,14814,13514,4,False,19,3,3,0,32,3,3,5,1,1,3
26,0,1066,1,2,2,2,4,1,32,4,2,3,4,1,5472,3334,2,False,12,3,2,0,8,2,3,8,7,1,3
54,0,157,1,10,3,2,3,0,77,3,2,3,1,0,4440,25198,7,True,19,3,4,0,9,3,3,5,2,1,4
42,1,1271,1,2,1,2,2,1,35,3,1,1,4,0,2515,9068,6,True,14,3,4,0,8,2,3,2,1,2,2
27,2,1450,1,3,3,2,3,1,79,2,1,1,3,2,2566,25326,2,True,15,3,4,1,1,2,2,1,1,0,1
39,0,835,1,19,4,1,4,1,41,3,2,1,4,2,3902,5141,9,False,14,3,2,3,7,2,3,2,2,2,2
48,0,855,1,4,3,0,4,1,54,3,3,3,4,0,7898,18706,2,False,11,3,3,0,11,2,3,10,9,0,8
42,2,355,1,10,4,4,3,1,38,3,1,1,3,1,2936,6161,4,False,22,4,2,2,10,1,2,6,3,3,3
22,2,457,1,26,2,1,2,0,85,2,1,1,3,1,2814,10293,2,True,14,3,2,0,4,2,2,4,2,1,3
31,2,979,1,1,4,2,3,1,90,1,2,3,3,1,4345,4381,1,False,12,3,4,1,6,2,3,5,4,1,4
44,2,981,1,5,3,0,3,1,90,2,1,2,3,0,3162,7973,4,False,14,3,4,0,7,5,3,5,2,0,3
22,0,217,1,8,1,0,2,1,94,1,1,2,1,1,2451,6881,2,False,15,3,1,1,4,3,2,4,3,1,1
27,1,1242,0,20,3,0,4,0,90,3,2,0,3,0,9981,12916,2,False,14,3,4,0,7,2,3,7,7,0,7
32,0,588,0,8,2,4,3,0,65,2,2,0,2,1,5228,24624,2,True,11,3,4,0,13,2,3,13,12,11,9
28,1,289,1,2,2,2,3,1,38,2,1,2,1,0,2561,5355,8,False,11,3,3,0,8,2,2,0,0,0,0
43,0,1179,0,2,3,2,4,1,73,3,2,0,4,1,7847,6069,2,True,17,3,1,1,10,3,3,10,9,8,8
33,0,1017,1,25,3,2,1,1,55,2,1,1,2,0,2313,2993,5,True,20,4,2,0,5,0,3,2,2,2,2
36,0,913,1,9,2,2,2,1,48,2,2,3,2,2,8847,13934,3,True,11,3,3,1,13,2,3,3,2,0,2
30,2,829,1,1,1,0,3,1,88,2,3,3,3,0,8474,20925,2,False,22,4,3,0,12,2,3,11,8,5,8
36,2,1434,0,8,4,0,1,1,76,2,3,0,1,0,7587,14229,2,False,15,3,2,0,10,1,3,10,7,0,9
30,0,201,1,5,3,4,4,0,84,3,1,1,1,2,3204,10415,6,False,14,3,4,1,8,3,3,3,2,2,2
36,1,884,1,23,2,2,3,1,41,4,2,2,4,1,2571,12290,5,False,17,3,3,1,17,3,3,5,2,0,3
40,1,580,0,5,4,0,4,1,48,2,3,0,1,1,10475,23772,6,True,21,4,3,1,20,2,3,18,13,1,12
43,0,415,0,25,3,2,3,1,79,2,3,0,4,2,10798,5268,6,False,13,3,3,1,18,5,3,1,0,0,0
37,2,1040,1,2,2,0,3,1,100,2,2,4,4,2,5163,15850,6,False,14,3,4,1,17,2,4,1,0,0,0
22,0,604,1,6,1,2,1,1,69,3,1,1,3,1,2773,12145,1,False,20,4,4,0,3,3,3,2,2,2,2
21,1,756,0,1,1,4,1,0,99,2,1,6,2,0,2174,9150,2,True,11,3,3,0,3,3,3,3,2,1,2
40,2,1151,1,9,5,0,4,1,63,2,2,4,4,1,4876,14242,10,False,14,3,4,1,5,5,1,3,2,0,2
34,0,628,1,8,3,2,2,1,82,4,2,2,3,1,4404,10228,3,False,12,3,1,0,6,3,4,4,3,1,2
25,0,891,0,4,2,0,2,0,99,2,2,0,4,0,4487,12090,2,True,11,3,2,0,5,3,3,5,4,1,3
22,1,1256,1,3,4,0,3,1,48,2,1,1,4,1,2853,4223,1,True,11,3,2,1,1,5,3,0,0,0,0
40,0,1202,1,2,1,2,2,0,89,4,2,4,3,2,6377,13888,6,False,20,4,2,3,15,0,3,12,11,11,8
38,0,345,0,10,2,0,1,0,100,3,2,0,4,1,5343,5982,2,False,11,3,3,1,10,1,3,10,7,1,9
23,0,1320,1,8,1,2,4,1,93,2,1,2,3,0,3989,20586,2,True,11,3,1,0,5,2,3,5,4,1,2
35,0,607,1,9,3,0,4,0,66,2,3,3,3,1,10685,23457,2,True,20,4,2,1,17,2,3,17,14,5,15
36,0,429,1,2,4,0,3,0,53,3,2,3,2,0,5410,2323,10,True,11,3,4,0,18,2,3,16,14,5,12
43,1,775,0,15,3,0,4,1,47,2,2,0,4,1,6804,23683,4,False,18,3,3,1,7,5,3,2,2,2,2
47,2,543,0,2,4,3,3,1,87,3,2,0,2,1,4978,3536,8,False,11,3,4,1,4,3,1,1,0,0,0
45,0,788,2,24,4,2,2,1,36,3,1,8,2,0,2177,8318,2,False,16,3,1,0,6,3,3,6,3,0,4
50,2,881,1,2,4,0,1,1,98,3,4,5,1,2,17924,4544,2,False,11,3,4,1,31,3,3,31,6,14,7
22,0,391,1,7,1,0,4,1,75,3,1,1,2,0,2472,26092,2,True,23,4,1,0,1,2,3,1,0,0,0
31,0,828,0,2,1,0,2,1,77,3,2,0,4,0,6582,8346,5,True,13,3,3,0,10,2,4,6,5,0,5
35,0,1370,1,27,4,0,4,1,49,3,2,3,3,1,6883,5151,3,False,16,3,2,1,17,3,3,7,7,0,7
36,0,1120,0,11,4,3,2,0,100,2,2,0,4,1,6652,14369,5,False,13,3,1,1,8,2,2,6,3,0,0
51,0,1169,1,7,4,2,2,1,34,2,2,3,3,1,6132,13983,3,False,17,3,3,0,10,2,3,1,0,0,0
45,2,1195,1,2,2,2,1,1,65,2,4,5,4,1,16792,20462,10,False,23,4,4,1,22,1,3,20,8,11,8
27,0,894,1,9,3,2,4,0,99,3,1,1,2,0,2279,11781,2,False,16,3,4,0,7,2,2,7,7,0,3
31,0,480,1,7,2,2,2,0,31,3,2,3,1,1,4306,4156,2,False,12,3,2,1,13,5,1,13,10,3,12
38,0,362,1,1,1,0,3,0,43,3,1,1,1,0,2619,14561,4,False,17,3,4,0,8,3,2,0,0,0,0
28,0,1117,1,8,2,0,4,0,66,3,1,1,4,0,3310,4488,2,False,21,4,4,0,5,3,3,5,3,0,2
37,0,1017,1,1,2,2,3,0,83,2,1,1,1,1,3920,18697,3,False,14,3,1,1,17,2,2,3,1,0,2
21,0,391,1,15,2,0,3,1,96,3,1,1,4,0,1232,19281,2,False,14,3,4,0,0,6,3,0,0,0,0
37,0,1107,1,14,3,0,4,0,95,3,1,2,1,2,3034,26914,2,False,12,3,3,1,18,2,2,18,7,12,17
49,0,1313,0,11,4,3,4,0,80,3,2,0,4,0,4507,8191,4,False,12,3,3,0,8,1,4,5,1,0,4
52,0,994,1,7,4,0,2,1,87,3,3,4,2,0,10445,15322,8,False,19,3,4,0,18,4,3,8,6,4,0
34,0,131,0,2,3,3,3,0,86,3,2,0,1,0,4538,6039,1,True,12,3,4,0,4,3,3,3,2,0,2
31,0,741,1,2,4,0,2,1,69,3,1,2,3,1,3477,18103,2,False,14,3,4,1,6,2,4,5,2,0,3
36,1,566,1,18,4,0,3,1,81,4,1,2,4,1,3688,7122,5,False,18,3,4,2,4,2,3,1,0,0,0
29,0,332,2,17,3,1,2,1,51,2,3,8,1,0,7988,9769,2,False,13,3,1,0,10,3,2,10,9,0,9
34,1,988,2,23,3,5,2,0,43,3,3,8,1,2,9950,11533,10,True,15,3,3,3,11,2,3,3,2,0,2
38,0,395,0,9,3,3,2,1,98,2,1,6,2,1,2899,12102,1,False,19,3,4,1,3,3,3,2,2,1,2
19,0,303,1,2,3,0,2,1,47,2,1,2,4,0,1102,9241,2,False,22,4,3,0,1,3,2,1,0,1,0
24,0,1353,0,3,2,1,1,0,33,3,2,0,3,1,4999,17519,1,False,21,4,1,1,4,2,2,3,2,0,2
33,0,536,0,10,5,3,4,1,82,4,3,0,3,2,8380,21708,1,True,14,3,4,2,10,3,3,9,8,0,8
39,2,592,1,2,3,0,1,0,54,2,1,2,1,0,3646,17181,3,True,23,4,2,0,11,2,4,1,0,0,0
30,2,1116,1,2,3,2,3,0,49,3,1,2,4,0,2564,7181,1,False,14,3,3,0,12,2,2,11,7,6,7
43,0,244,2,2,3,0,2,1,97,3,1,8,4,0,3539,5033,1,False,13,3,2,0,10,5,3,9,7,1,8
46,0,1319,0,3,3,4,1,0,45,4,4,0,1,2,13225,7739,3,False,12,3,4,1,25,5,3,19,17,2,8
37,0,1372,1,1,3,0,4,0,42,3,1,1,4,0,2115,15881,2,False,12,3,2,0,17,3,3,17,12,5,7
35,0,1229,1,8,1,0,4,1,36,4,1,2,4,1,2269,4892,2,False,19,3,4,0,1,2,3,1,0,0,1
34,0,970,1,8,2,2,2,0,96,3,2,4,3,0,6142,7360,4,False,11,3,4,0,10,2,3,5,1,4,3
41,0,337,0,8,3,3,3,0,54,3,2,0,2,1,4393,26841,6,False,21,4,3,1,14,3,3,5,4,1,4
50,0,316,0,8,4,3,4,1,54,3,1,6,2,1,3875,9983,8,False,15,3,4,1,4,2,3,2,2,2,2
29,0,121,0,27,3,3,2,0,35,3,3,0,4,1,7639,24525,2,False,22,4,4,3,10,3,2,10,4,1,9
42,0,469,1,2,2,2,4,1,35,3,4,5,1,1,17665,14399,1,False,17,3,4,1,23,3,3,22,6,13,7
23,0,541,0,2,1,4,3,1,62,3,1,6,1,2,2322,9518,4,False,13,3,3,1,3,3,3,0,0,0,0
36,0,506,1,3,3,4,3,1,30,3,2,1,2,0,4485,26285,5,False,12,3,4,0,10,2,3,8,0,7,7
49,1,636,1,10,4,0,3,0,35,3,5,7,1,0,18665,25594,10,True,11,3,4,0,22,4,3,3,2,1,2
21,0,1343,0,22,1,4,3,1,49,3,1,6,3,0,3447,24444,2,False,11,3,3,0,3,2,3,3,2,1,2
47,0,465,1,1,3,4,1,1,74,3,1,1,4,1,3420,10205,8,False,12,3,3,1,17,2,2,6,5,1,2
27,2,443,1,3,3,2,4,1,50,3,1,1,4,1,1706,16571,2,False,11,3,3,3,0,6,2,0,0,0,0
34,0,470,1,2,4,0,4,1,84,2,2,3,1,1,5957,23687,7,False,13,3,2,1,13,3,3,11,9,5,9
52,0,723,1,8,4,2,3,1,85,2,2,1,2,1,4941,17747,3,False,15,3,1,0,11,3,2,8,2,7,7
36,0,557,0,3,3,2,1,0,94,2,3,0,4,1,7644,12695,1,False,19,3,3,2,10,2,3,9,7,3,4
50,0,1452,1,11,3,0,3,0,53,3,5,5,2,0,19926,17053,4,False,15,3,2,0,21,5,3,5,4,4,4
47,0,359,1,2,4,2,1,0,82,3,4,7,3,1,17169,26703,4,False,19,3,2,2,26,2,4,20,17,5,6
27,0,591,1,2,1,2,1,1,40,3,1,2,2,1,3468,16632,10,False,12,3,4,1,6,3,3,2,2,2,2
38,0,268,1,2,5,2,4,1,92,3,1,1,3,1,3057,20471,7,True,13,3,2,1,6,0,1,1,0,0,1
35,1,853,0,18,5,0,2,1,71,3,3,0,1,1,9069,11031,2,False,22,4,4,1,9,3,2,9,8,1,8
50,0,813,1,17,5,0,4,0,50,2,3,7,1,2,13269,21981,6,False,15,3,3,3,19,3,3,14,11,1,11
31,1,853,1,1,1,0,3,0,96,3,2,3,1,1,4148,11275,2,False,12,3,3,1,4,1,3,4,3,0,3
18,0,230,1,3,3,0,3,1,54,3,1,2,3,0,1420,25233,2,False,13,3,3,0,0,2,3,0,0,0,0
32,0,267,1,29,4,0,3,0,49,2,1,2,2,0,2837,15919,2,False,13,3,3,0,6,3,3,6,2,4,1
34,1,135,1,19,3,2,3,0,46,3,2,2,2,2,4444,22534,5,False,13,3,3,2,15,2,4,11,8,5,10
52,0,621,0,3,4,3,3,1,31,2,4,5,1,1,16856,10084,2,False,11,3,1,0,34,3,4,34,6,1,16
36,0,1456,0,13,5,3,2,1,96,2,2,0,1,2,6134,8658,6,True,13,3,2,3,16,3,3,2,2,2,2
27,0,1054,1,8,3,2,3,0,67,3,1,1,4,0,3445,6152,2,False,11,3,3,0,6,5,2,6,2,1,4
35,2,208,1,8,4,0,3,0,52,3,2,4,3,1,4148,12250,2,False,12,3,4,1,15,5,3,14,11,2,9
51,1,1456,1,1,4,2,1,0,30,2,3,4,1,0,7484,25796,4,False,20,4,3,0,23,1,2,13,12,12,8
37,0,671,1,19,3,0,3,1,85,3,2,3,3,1,5768,26493,4,False,17,3,1,3,9,2,2,4,3,0,2
41,0,1356,0,20,2,3,2,0,70,3,1,6,2,0,3140,21728,2,True,22,4,4,0,4,5,2,4,3,0,2
33,0,267,1,21,3,2,2,1,79,4,1,2,2,1,2028,13637,2,False,18,3,4,3,14,6,3,14,11,2,13
35,1,138,1,2,3,2,2,0,37,3,2,2,2,0,4425,15986,6,False,11,3,4,0,10,5,3,6,2,1,2
30,0,946,1,2,3,2,3,0,52,2,2,3,4,0,6877,20234,6,True,24,4,2,0,12,4,2,0,0,0,0
41,0,549,1,7,2,2,4,0,42,3,2,3,3,0,5003,23371,7,False,14,3,2,0,8,6,3,2,2,2,1
35,0,1258,1,1,4,0,4,0,40,4,1,1,3,0,2506,13301,4,False,13,3,3,0,7,0,3,2,2,2,2
39,0,116,1,24,1,0,1,1,52,3,2,1,4,0,4108,5340,8,False,13,3,1,0,18,2,3,7,7,1,7
42,2,926,1,21,2,2,3,0,36,3,2,3,3,2,5265,16439,3,False,16,3,2,1,11,5,3,5,3,0,2
39,0,360,1,23,3,2,3,1,93,3,1,1,1,0,3904,22154,1,False,13,3,1,0,6,2,3,5,2,0,3
29,0,224,1,1,4,4,1,1,100,2,1,1,1,0,2362,7568,7,False,13,3,3,0,11,2,1,9,7,0,7
53,0,607,1,2,5,4,3,0,78,2,3,3,4,1,10169,14618,1,False,16,3,2,1,34,4,3,33,7,1,9
34,1,702,1,16,4,0,3,0,100,2,1,1,4,0,2553,8306,2,False,16,3,3,0,6,3,3,5,2,1,3
54,0,397,2,19,4,2,3,1,88,3,3,8,2,1,10725,6729,3,False,15,3,3,1,16,1,4,9,7,7,1
36,0,676,1,1,3,1,3,0,35,3,2,3,2,1,5228,23361,1,False,15,3,1,1,10,2,3,9,7,0,5
30,0,793,1,16,1,0,2,1,33,3,1,1,4,1,2862,3811,2,False,12,3,2,1,10,2,2,10,0,0,8
42,0,1128,1,13,3,2,2,1,95,4,2,4,1,1,5538,5696,6,False,18,3,3,2,10,2,2,0,0,0,0
38,1,1444,2,1,4,1,4,1,88,3,1,8,2,1,2991,5224,1,True,11,3,2,1,7,2,3,6,2,1,2
48,0,163,0,2,5,3,2,0,37,3,2,0,4,1,4051,19658,3,False,14,3,1,1,14,2,3,9,7,6,7
42,0,462,0,14,2,2,3,0,68,2,2,0,3,0,6244,7824,8,False,17,3,1,0,10,6,3,5,4,0,3
47,0,202,1,2,2,1,3,0,33,3,4,5,4,1,16752,12982,2,True,11,3,3,1,26,3,2,26,14,3,0
34,0,1354,1,5,3,2,3,0,45,2,3,5,1,0,11631,5615,3,False,12,3,4,0,14,6,3,11,10,5,8
33,0,1216,0,8,4,3,3,1,39,3,2,0,3,2,7104,20431,1,False,12,3,4,0,6,3,3,5,0,1,2
51,0,770,2,5,3,0,3,1,84,3,4,5,2,2,14026,17588,2,True,11,3,2,1,33,2,3,33,9,0,10
25,0,883,0,26,1,2,3,0,32,3,2,0,4,0,6180,22807,2,False,23,4,2,0,6,5,2,6,5,1,4
26,1,342,1,2,3,0,1,1,57,3,1,1,1,1,2042,15346,7,True,14,3,2,1,6,2,3,3,2,1,2
36,0,530,0,3,1,0,3,1,51,2,3,0,4,1,10325,5518,2,True,11,3,1,1,16,6,3,16,7,3,7
28,0,440,1,21,3,2,3,1,42,3,1,1,4,1,2713,6672,2,False,11,3,3,1,5,2,1,5,2,0,2
28,0,890,1,2,4,2,3,1,46,3,1,1,3,0,4382,16374,7,False,17,3,4,0,5,3,2,2,2,2,1
39,1,945,1,22,3,2,4,0,82,3,3,3,1,0,10880,5083,2,True,13,3,3,0,21,2,3,21,6,2,8
47,0,703,0,14,4,3,4,1,42,3,2,0,1,0,4960,11825,3,False,12,3,4,0,20,2,3,7,7,1,7
34,0,254,1,1,2,0,2,1,83,2,1,1,4,1,3622,22794,2,True,13,3,4,1,6,3,3,6,5,1,3
44,0,1097,1,10,4,0,3,1,96,3,1,1,3,0,2936,10826,2,True,11,3,3,0,6,4,3,6,4,0,2
37,0,1225,1,10,2,0,4,1,80,4,1,1,4,0,4680,15232,4,False,17,3,1,0,4,2,3,1,0,0,0
45,1,364,1,25,3,2,2,0,83,3,5,5,2,0,18061,13035,4,False,22,4,3,0,22,4,3,0,0,0,0
38,1,240,1,2,4,0,1,0,75,4,2,3,1,0,5980,26085,7,True,12,3,4,0,17,2,3,15,7,4,12
35,0,1232,0,16,3,3,3,1,96,3,3,0,2,1,8020,5100,1,False,15,3,3,2,12,3,2,11,9,6,9
39,0,466,1,1,1,0,4,0,65,2,4,3,4,1,12742,7060,2,False,16,3,3,1,21,3,3,21,6,11,8
41,0,933,1,9,4,0,3,1,94,3,1,2,1,1,2238,6961,3,False,21,4,4,1,7,2,3,5,0,1,4
59,0,142,1,3,3,0,3,1,70,2,1,1,4,1,2177,8456,4,False,17,3,1,1,7,6,3,1,0,0,0
36,1,688,1,4,2,0,4,0,97,3,2,3,2,2,5131,9192,8,False,13,3,2,3,18,3,3,4,2,0,2
26,0,920,2,20,2,2,4,0,69,3,1,8,2,1,2148,6889,1,True,11,3,3,0,6,3,3,5,1,1,4
37,2,1063,1,25,5,2,2,0,72,3,2,1,3,1,4449,23866,4,True,15,3,1,2,15,2,3,13,11,10,7
41,0,167,1,12,4,0,2,1,46,3,1,2,4,1,4766,9051,4,True,11,3,1,1,6,4,3,1,0,0,0
39,1,711,1,4,3,2,1,0,81,3,2,3,3,0,5042,3140,1,False,13,3,4,0,10,2,1,9,2,3,8
26,1,575,1,3,1,4,3,1,73,3,1,1,1,0,3102,6582,1,False,22,4,3,0,7,2,3,6,4,0,4
28,1,1009,1,1,3,2,1,1,45,2,1,2,2,2,2596,7160,2,False,15,3,1,2,1,2,3,1,0,0,0
37,1,1231,0,21,2,2,3,0,54,3,1,6,4,1,2973,21222,6,False,15,3,2,1,10,3,3,5,4,0,0
38,1,653,1,29,5,0,4,0,50,3,2,2,4,0,2406,5456,2,False,11,3,4,0,10,2,3,10,3,9,9
58,2,350,0,2,3,2,2,1,52,3,4,5,2,2,16291,22577,5,False,22,4,4,1,37,0,2,16,9,14,14
31,1,798,1,7,2,0,3,0,48,2,3,3,3,1,8943,14034,2,False,24,4,1,1,10,2,3,10,9,8,9
40,2,458,1,16,2,0,3,1,74,3,1,1,3,2,3544,8532,10,False,16,3,2,1,6,0,3,4,2,0,0
52,0,319,1,3,3,2,4,1,39,2,3,3,3,1,7969,19609,3,True,14,3,3,0,28,4,3,5,4,0,4
36,1,1480,1,3,2,2,4,1,30,3,1,2,2,0,2088,15062,5,False,12,3,3,0,13,3,2,8,7,7,2
53,0,102,1,23,4,0,4,0,72,3,4,7,4,0,14275,20206,7,False,18,3,3,0,33,0,3,12,9,3,8
33,0,1242,0,8,4,0,1,1,46,3,2,0,1,1,6392,10589,3,False,13,3,4,1,8,6,1,2,2,2,2
28,0,1172,0,3,3,2,2,0,78,3,1,6,2,1,2856,3692,2,False,19,3,4,1,1,3,3,1,0,0,0
47,0,207,1,9,4,0,2,0,64,3,1,2,3,0,2105,5411,5,False,12,3,3,0,7,2,3,2,2,2,0
42,0,319,1,24,3,2,4,1,56,3,3,3,1,1,7406,6950,2,True,21,4,4,1,10,5,2,10,9,5,8
35,0,1395,1,9,4,2,2,1,48,3,2,1,3,0,5098,18698,2,False,19,3,2,0,10,5,3,10,7,0,8
30,0,855,0,7,4,3,4,0,73,3,2,0,1,2,4779,12761,8,False,14,3,2,2,8,3,3,3,2,0,2
49,0,527,1,8,2,1,1,0,51,3,3,2,2,1,7403,22477,5,False,11,3,3,1,29,3,2,26,9,1,7
40,0,1492,1,20,4,4,1,1,61,3,3,4,4,1,10322,26542,5,False,20,4,4,1,14,6,3,11,10,11,1
33,0,813,1,14,3,2,3,1,58,3,1,2,4,1,2436,22149,6,True,13,3,3,1,8,2,1,5,4,0,4
52,0,699,1,1,4,0,3,1,65,2,5,5,3,1,19999,5678,1,False,14,3,1,1,34,5,3,33,18,11,9
55,0,1136,1,1,4,2,2,1,81,4,4,7,4,2,14732,12414,3,False,13,3,4,2,31,4,4,7,7,0,0
41,0,896,0,6,3,0,4,0,75,3,3,5,4,0,13591,14674,4,True,18,3,3,0,16,3,3,1,0,0,0
51,0,1302,1,2,3,2,4,1,84,1,2,3,2,2,5482,16321,6,False,18,3,4,1,13,3,3,4,1,1,2
22,2,1123,1,16,2,2,4,1,96,4,1,2,4,2,2935,7324,2,True,13,3,2,2,1,2,2,1,0,0,0
38,0,849,1,25,2,0,1,0,81,2,3,7,2,1,12061,26707,4,False,17,3,3,1,19,2,3,10,8,0,1
36,0,363,1,1,3,4,3,0,77,1,3,3,1,2,10252,4235,3,True,21,4,3,1,17,2,3,7,7,7,7
31,1,1327,1,3,4,2,2,1,73,3,3,7,3,2,13675,13523,10,False,12,3,1,1,9,3,3,2,2,2,2
27,0,1115,1,3,4,2,1,1,54,2,1,1,4,0,2045,15174,1,False,13,3,4,0,5,0,3,4,2,1,1
36,0,1040,1,3,2,0,4,1,79,4,2,4,1,2,6842,26308,7,False,20,4,1,1,13,3,3,5,4,0,4
53,0,661,0,7,2,3,1,0,78,2,3,0,4,1,10934,20715,8,True,18,3,4,1,35,3,3,5,2,0,4
40,1,1469,1,9,4,2,4,1,35,3,1,1,2,2,3617,25063,9,True,14,3,4,1,3,2,3,1,1,0,0
35,0,1137,1,21,1,0,4,0,51,3,2,4,4,1,4014,19170,2,True,25,4,4,1,10,2,1,10,6,0,7
38,1,1186,1,3,4,1,3,1,44,3,1,1,3,1,2821,2997,4,False,16,3,1,1,8,2,3,2,2,2,2
34,0,1153,1,1,2,2,1,1,94,3,2,3,2,1,4325,17736,2,False,15,3,3,0,5,2,3,5,2,1,3
24,1,381,1,9,3,2,2,1,89,3,1,2,1,0,3172,16998,3,True,11,3,3,0,4,2,2,0,0,0,0
34,1,560,1,1,4,1,4,1,91,3,1,1,1,2,2996,20284,6,False,14,3,3,2,10,2,3,4,3,1,3
58,0,682,0,10,4,2,4,1,37,3,4,0,3,0,13872,24409,1,False,13,3,3,0,38,1,2,37,10,1,8
30,2,879,1,9,2,2,3,0,72,3,2,3,3,0,4695,12858,8,True,18,3,3,0,10,3,3,8,4,1,7
45,2,1238,1,1,1,0,3,1,74,2,3,4,3,1,10748,3395,4,False,23,4,4,1,25,3,2,23,15,14,4
42,1,1368,1,28,4,4,4,0,88,2,2,4,4,1,4523,4386,1,False,11,3,4,3,7,4,4,6,5,0,4
52,0,266,0,2,1,3,1,0,57,1,5,5,4,1,19845,25846,2,False,15,3,4,1,33,3,3,32,14,6,9
35,2,1212,0,8,2,3,3,0,78,2,3,0,4,1,10377,13755,5,True,11,3,2,1,16,6,2,13,2,4,12
29,1,1413,0,1,1,2,2,0,42,3,3,0,4,1,7918,6599,2,False,14,3,4,1,11,5,3,11,10,4,1
26,0,192,1,1,2,2,1,1,59,2,1,2,1,1,3955,11141,2,False,16,3,1,2,6,2,3,5,3,1,3
25,0,977,1,2,1,1,4,1,57,3,1,2,3,2,3977,7298,7,True,19,3,3,1,7,2,2,2,2,0,2
31,0,408,1,9,4,0,3,1,42,2,1,1,2,0,2657,7551,1,True,16,3,4,0,3,5,3,2,2,2,2
36,2,845,0,1,5,2,4,0,45,3,2,0,4,0,6653,15276,5,False,15,3,2,0,7,6,3,1,0,0,0
33,0,134,1,2,3,0,3,1,90,3,1,1,4,0,2500,10515,1,False,14,3,1,0,4,2,4,3,1,0,2
32,0,427,1,1,3,2,1,1,33,3,2,3,4,1,6162,10877,2,True,22,4,2,1,9,3,3,9,8,7,8
43,0,982,1,12,3,0,1,1,59,2,4,7,2,2,14336,4345,2,False,11,3,3,1,25,3,3,25,10,3,9
32,0,906,0,7,3,0,4,1,91,2,2,0,3,1,5484,16985,2,False,14,3,3,1,13,3,2,13,8,4,8
35,0,763,0,15,2,2,1,1,59,1,2,0,4,2,5440,22098,7,True,14,3,4,2,7,2,2,2,2,2,2
41,2,247,1,7,1,0,2,0,55,1,5,7,3,2,19973,20284,2,False,22,4,2,2,21,3,3,21,16,5,10
54,0,685,1,3,3,0,4,1,85,3,4,7,4,1,17779,23474,4,False,14,3,1,0,36,2,3,10,9,0,9
35,0,982,1,1,4,2,4,1,58,2,1,2,3,1,2258,16340,7,False,12,3,2,1,10,2,3,8,0,1,7
30,0,1240,2,9,3,5,3,1,48,3,2,8,4,1,6347,13982,1,True,19,3,4,0,12,2,1,11,9,4,7
35,0,1029,1,16,3,0,4,0,91,2,3,4,2,0,8606,21195,2,False,19,3,4,0,11,3,1,11,8,3,3
51,0,1323,1,4,4,0,1,1,34,3,1,1,3,1,2461,10332,10,True,12,3,3,3,18,2,4,10,0,2,7
58,0,848,1,23,4,0,1,1,88,3,1,1,3,2,2372,26076,2,False,12,3,4,2,2,3,3,2,2,2,2
33,0,392,0,2,4,2,4,1,93,3,2,0,4,2,5505,3921,2,False,14,3,3,2,6,5,3,6,2,0,4
39,1,505,1,2,4,4,3,0,64,3,3,4,3,0,10938,6420,1,False,25,4,4,0,20,1,3,19,6,11,8
50,1,1115,1,1,3,0,1,0,73,3,5,7,2,1,18172,9755,4,True,19,3,1,0,28,1,2,8,3,0,7
50,0,797,1,4,1,0,1,1,96,3,5,7,2,2,19144,15815,4,False,14,3,1,2,28,4,2,10,4,1,6
28,0,580,1,27,3,2,2,0,39,1,2,3,1,2,4877,20460,1,False,21,4,2,1,6,5,2,5,3,0,0
32,2,953,1,5,4,4,2,1,65,3,1,1,2,0,2718,17674,3,False,14,3,2,0,12,3,3,7,7,0,7
18,2,247,1,8,1,2,3,1,80,3,1,2,3,0,1904,13556,2,False,12,3,4,0,0,0,3,0,0,0,0
28,0,1476,1,16,2,2,2,1,68,4,2,4,1,0,5661,4824,1,False,19,3,3,0,9,2,3,8,3,0,7
31,0,691,1,5,4,4,3,1,86,3,1,1,4,1,4821,10077,1,True,12,3,3,1,6,4,3,5,2,0,3
36,1,469,1,3,3,4,3,1,46,3,1,1,2,1,3692,9256,2,False,12,3,3,0,12,2,2,11,10,0,7
30,1,600,2,8,3,5,3,0,66,2,1,8,4,2,2180,9732,7,False,11,3,3,1,6,0,2,4,2,1,2
30,2,1398,0,22,4,1,3,0,69,3,3,0,1,1,8412,2890,1,False,11,3,3,0,10,3,3,9,8,7,8
36,1,635,1,18,1,2,2,0,73,3,1,2,4,0,2153,7703,2,False,13,3,1,0,8,2,3,8,1,1,7
53,2,661,1,1,4,2,1,0,60,2,4,3,3,1,12965,22308,5,True,20,4,4,3,27,2,2,3,2,0,2
31,0,655,1,7,4,0,4,1,48,3,2,2,4,2,5915,9528,4,False,22,4,4,1,10,3,2,7,7,1,7
34,0,1400,0,9,1,0,2,0,70,3,2,0,3,1,5714,5829,2,False,20,4,1,0,6,3,2,6,5,1,3
43,0,1473,1,8,4,1,3,0,74,3,2,4,3,2,4522,2227,5,True,14,3,4,0,8,3,3,5,2,0,2
40,0,329,1,1,4,0,2,1,88,3,1,2,2,1,2387,6762,4,False,22,4,3,1,7,3,3,4,2,0,3
41,0,1102,0,1,2,0,2,0,94,3,2,0,4,0,5993,19479,9,True,11,3,1,0,8,0,1,6,4,0,5
35,0,1361,0,17,4,0,3,1,94,3,2,0,1,1,8966,21026,4,True,15,3,4,3,15,2,3,7,7,1,7
30,0,288,1,2,3,0,3,1,99,2,2,4,4,1,4152,15830,2,False,19,3,1,3,11,3,3,11,10,10,8
31,0,1274,1,9,1,0,3,1,33,3,3,3,2,2,10648,14394,2,False,25,4,4,1,13,6,4,13,8,0,8
33,0,527,1,1,4,1,4,1,63,3,1,1,4,0,2686,5207,2,True,13,3,3,0,10,2,2,10,9,7,8
31,2,1188,0,20,2,3,4,0,45,3,2,0,3,1,6932,24406,2,False,13,3,4,1,9,2,2,9,8,0,0
34,1,1069,1,2,1,0,4,1,45,2,2,3,3,1,9547,14074,2,False,17,3,3,0,10,2,2,10,9,1,9
28,0,654,1,1,2,0,1,0,67,1,1,1,2,0,2216,3872,8,True,13,3,4,0,10,4,3,7,7,3,7
21,0,996,1,3,2,2,4,1,100,2,1,1,3,0,3230,10531,2,False,17,3,1,0,3,4,4,3,2,1,0
21,1,251,1,10,2,0,1,0,45,2,1,2,3,0,2625,25308,2,False,20,4,3,0,2,2,1,2,2,2,2
